Date,GDP_mp,GVA_bp,indir_net_tax,C,C_np,G,I_gcf,I_inven,I_acq,dom_DEM,EX,IM,CPI_index,China_CPI_imf,NORW_CPI_imf,SWISS_CPI_imf,UK_CPI_imf,USA_CPI_imf,EURO_CPI_imf,Foreign_CPI_imf,BOE_rate,gilt_5y,GBP_EER,IM_defl,Unemp_rate,dummy_2020Q2,dummy_2020Q3,post_covid,energy_cpi,w_sale_elec_ppkWh,dual_price_cap_GBPpm,I_total,dlog_GDP_mp,dlog_GVA_bp,dlog_indir_net_tax,dlog_C,dlog_C_np,dlog_I_total,dlog_G,dlog_EX,dlog_IM,dlog_CPI_index,dlog_Foreign_CPI_imf,dlog_UK_CPI_imf,dlog_IM_defl,dlog_energy_cpi,d_BOE_rate,d_gilt_5y,d_Unemp_rate,dlog_w_sale,dlog_cap,d_mkt_spr,real_BOE_r,dlog_NX,Y_GAP,U_GAP,r_star,R_GAP,lead_Y_gap,lead_pi,lag_U_gap,lag_BOE,lag_Y_gap,lead_R_gap,lag_R_gap,wealth_eff,q_infl,annual_infl_pct,Infl_dev,reer_comp,log_reer,rer_gap,zlb_dummy,zlb_interaction,lag_rer_gap
1997 Q2,434199,389540,44648,253090,10160,81353,67734,-972,642,419703,107243,95102,70,82.80674054606428,75.830241607094365,89.55962381869298,77.60310708341039,73.4675346414101,78.105259390490545,77.3130008240329,6.1984,7.1653,94.8728,63.9,7.2,0,0,0,50.70603337612323,NA,NA,67404,0.01107215083261437,0.009608575837107836,0.02464725884373742,0.014975857992206798,-0.010963304797270368,0.0441166619211959,-0.0172921292755035,0.013036501421414215,0.04672032190384634,0.8608374536600572,0.0028137521510167574,0.009097501098230154,-1.5528262326555797,-0.7566240383316103,0.26090000000000035,0.06420000000000048,-0.09999999999999964,0,0,-0.19669999999999987,2.7550501853597718,-3.3683820482432125,-0.2551952745124216,0.35730529960217505,0.9342294644962967,1.820820720863475,-0.17183313931911298,0.4276556767259798,0.34000114418549765,5.9375,-0.5510040689792579,4.2397542016493,NA,0.014975857992206798,0.008608374536600101,3.4433498146400408,1.4433498146400408,95.22879695822587,4.556282385113723,-2.7535958884306257,0,-0,-5.525086969883649
1997 Q3,438100,392511,45607,256735,10263,82427,71812,3796,613,423329,106487,94265,70.3,82.01981792159015,75.97502488462582,89.55988624025353,77.97299796560014,73.75798057528166,78.37726597591315,77.441519066244,6.8692,7.0218,97.1647,63.3,6.8,0,0,0,49.807445442875476,NA,NA,76221,0.008944240464447972,0.007598006505711297,0.021251700024873088,0.014299267816468841,0.010086752513242203,0.12293265193738634,0.013115342472200808,-0.007074375641652253,-0.008840034965876598,0.4276556767259798,0.0016609307676107576,0.00475512070500983,-0.9434032233357925,-1.7880425277848389,0.6707999999999998,-0.1435000000000004,-0.40000000000000036,0,0,-0.8143000000000002,5.158577293096081,0.17656593242243446,-0.17183313931911298,0.07439695430373622,0.9188230914467806,4.2397542016493,0.47723768523899684,0.42583456825768806,0.35730529960217505,6.1984,-0.2551952745124216,4.541536892560254,1.820820720863475,0.014299267816468841,0.004276556767260172,1.7106227069040687,-0.2893772930959313,97.8315385180835,4.583247004790363,-0.3649491050043696,0,-0,-2.7535958884306257
1997 Q4,444540,397889,46707,258701,10337,84058,73702,3235,590,428766,109939,96721,70.6,82.36316077453932,76.40937471722017,89.62798463521769,78.37987793600887,74.04842650915323,78.57053381292394,77.69416283936091,7.1484,6.6891,98.3758,63.1,6.5,0,0,0,48.78048780487805,NA,NA,77527,0.014592844836768037,0.013608509606315877,0.023832832864641773,0.007628530153830582,0.007184496922770123,0.016989247507700256,0.01959398361849729,0.03190275454951852,0.025720580517784697,0.42583456825768806,0.0032570714017747804,0.0052046486070462805,-0.3164559602963024,-2.083408690284161,0.27919999999999945,-0.3327,-0.2999999999999998,0,0,-0.6118999999999994,5.445061726969247,0.6182174031733823,0.47723768523899684,-0.10915970823718625,0.903524834408993,4.541536892560254,0.37949643798028626,-0.14174346809729954,0.07439695430373622,6.8692,-0.17183313931911298,6.928546312397662,4.2397542016493,0.007628530153830582,0.004258345682577025,1.7033382730308098,-0.29666172696919024,99.24404761011061,4.597581944067149,0.7693569945790802,0,-0,-0.3649491050043696
1998 Q1,447712,401139,46614,260797,10445,84775,74393,3707,844,433443,110586,98730,70.5,82.95338265415887,77.13329110487739,89.66659340731437,78.3428888477899,74.2471526744338,78.760222615916,77.94604360347131,7.25,6.2538,100.4944,62.5,6.4,0,0,0,48.26700898587933,NA,NA,78944,0.007110128894254331,0.008134928745764824,-0.001993121179308943,0.008069372253087792,0.010393703422181488,0.018112477563564156,0.008493651246924472,0.005867832276868157,0.020558306247027147,-0.14174346809729954,0.0032367084285604975,-4.72032106947573e-4,-0.9554212804811613,-1.0582109330537381,0.10160000000000036,-0.4352999999999998,-0.09999999999999964,0,0,-0.5369000000000002,7.816973872389198,-1.469047397015899,0.37949643798028626,-0.09384700264439931,0.8884275599915354,6.928546312397662,0.1471240869805468,1.1283617602027007,-0.10915970823718625,7.1484,0.47723768523899684,1.940481474605394,4.541536892560254,0.008069372253087792,-0.0014174346809733935,-0.5669738723893574,-2.566973872389357,101.00604527251097,4.615180369233347,2.244041309223438,0,-0,0.7693569945790802
1998 Q2,450292,403715,46587,263411,10482,85124,74474,2303,718,438911,110558,101343,71.3,82.09086571957631,77.53144511808888,89.60754855618943,79.19363787682634,74.6446050049949,79.15749539199373,78.16110278127726,7.3279,6.1066,100.3815,61.6,6.3,0,0,0,48.138639281129656,NA,NA,77495,0.005746092665013691,0.006401182813258188,-5.79392941176593e-4,0.00997322309768478,0.0035361053714453305,-0.01852532219793268,0.004108328958723817,-2.5322866683730183e-4,0.026121951301806945,1.1283617602027007,0.0027552782667452647,0.010800762428331723,-1.45046862028817,-0.26631174194835516,0.07789999999999964,-0.14719999999999978,-0.10000000000000053,0,0,-0.2250999999999994,2.8144529591891967,-2.6375179968644247,0.1471240869805468,-0.08007901872406145,0.8739714845838027,1.940481474605394,-0.49979272987909634,-0.14035090023201136,-0.09384700264439931,7.25,0.37949643798028626,7.200917660521961,6.928546312397662,0.00997322309768478,0.0112836176020273,4.51344704081092,2.51344704081092,101.70757419810725,4.62210177617225,2.6699748491134865,0,-0,2.244041309223438
1998 Q3,451005,404770,46198,267649,10328,85950,73749,2199,967,440551,110047,101736,71.2,80.84379248334206,77.7124242150032,89.64241782104818,79.26761605326428,74.93505093886647,79.26486641255529,78.15829857535151,7.5,5.8876,100.0379,61.2,6.2,0,0,0,47.753530166880616,NA,NA,76915,0.0015821646998368522,0.002609821082183217,-0.008385025147799041,0.01596087059319551,-0.014800846835633763,-0.007512502141299393,0.00965671485843167,-0.004632722866013239,0.0038704197932801776,-0.14035090023201136,-3.5877900013581154e-5,9.337068838934925e-4,-0.6514681021194235,-0.8032171697264001,0.17210000000000036,-0.2190000000000003,-0.09999999999999964,0,0,-0.39110000000000067,8.061403600928045,-0.8503142659293417,-0.49979272987909634,-0.0682111919056809,0.8604859404060838,7.200917660521961,-0.6550942294608646,0.5602255548669888,-0.08007901872406145,7.3279,0.1471240869805468,3.766484622239675,1.940481474605394,0.01596087059319551,-0.0014035090023200867,-0.5614036009280347,-2.5614036009280348,101.4577593488662,4.6196425478109715,2.1803148029977613,0,-0,2.6699748491134865
1998 Q4,453937,407891,45967,267397,10214,85893,75273,-3081,829,443936,109199,101476,71.6,81.45711440481602,78.18296986698041,89.55844292167048,79.71148511189197,75.19492361654103,79.221918004330675,78.3327285130281,6.8555,4.8697,97.063,61.6,6.1,0,0,0,47.88189987163029,NA,NA,73021,0.006479995976834019,0.007680977293677671,-0.005012759370892184,-9.419751521697606e-4,-0.01109932531888802,-0.05195384499588229,-6.633962639206459e-4,-0.0077356415049720795,-0.0025589053980397125,0.5602255548669888,0.0022292653215911784,0.0055840070642716455,0.6514681021194235,0.26845653706688566,-0.6444999999999999,-1.0179,-0.10000000000000053,0,0,-0.3734000000000002,4.614597780532045,-0.5176736106932367,-0.6550942294608646,-0.05854890823205963,0.8481131582923702,3.766484622239675,-0.7741424623170835,0,-0.0682111919056809,7.5,-0.49979272987909634,4.857843549342364,7.200917660521961,-9.419751521697606e-4,0.0056022555486697516,2.2409022194679005,0.24090221946790047,98.7714334261798,4.592808427583582,-0.722514323960267,0,-0,2.1803148029977613
1999 Q1,457044,410160,46852,270159,10146,85762,75322,1452,803,450080,109721,104891,71.6,81.76406379559835,78.8706904352547,89.9140897416132,79.89643055298686,75.48536955041263,79.40086970526659,78.5895199513935,5.6944,4.5427,97.152,61.2,6.2,0,0,0,47.88189987163029,NA,NA,77577,0.006821244454542352,0.005547345626780498,0.0190699494711577,0.010276229102682777,-0.006679789080955345,0.06052392049204691,-0.0015263176188504701,0.004768874376791743,0.033099398404973,0,0.003272852257700798,0.0023174981403624173,-0.6514681021194235,0,-1.1611000000000002,-0.32699999999999996,0.10000000000000053,0,0,0.8341000000000003,5.6944,-2.833052402818126,-0.7741424623170835,0.14864507824894138,0.8365564506576357,4.857843549342364,-1.2086274824411773,0.9729055198119063,-0.05854890823205963,6.8555,-0.6550942294608646,0.4837838618108997,3.766484622239675,0.010276229102682777,0,0,-2,98.76759682314545,4.5927695835836895,-0.9210082573950402,0,0,-0.722514323960267
1999 Q2,458710,411490,47204,275407,10538,88720,75306,312,516,452817,110244,106416,72.3,80.31188047629838,79.44982354538051,90.12835694580671,80.67320140558535,76.2191276991408,79.91982963798075,78.91593548829329,5.2008,5.0483,99.0586,60.7,6,0,0,0,47.753530166880616,NA,NA,76134,0.003638535759616701,0.003237391009824009,0.007484937555874538,0.01923932898572467,0.03790823264259657,-0.018776045861047308,0.033909325096026066,0.004755310940820934,0.01443422581668763,0.9729055198119063,0.004144821565631673,0.00967526552341802,-0.8203491452827727,-0.26845653706688566,-0.4935999999999998,0.5056000000000003,-0.20000000000000018,0,0,0.9992000000000001,1.3091779207523748,-0.9678914875866695,-1.2086274824411773,0.05314460655710604,0.8253940589414751,0.4837838618108997,-0.34318654691570466,-0.27700848738154704,0.14864507824894138,5.6944,-0.7741424623170835,5.359326244945956,4.857843549342364,0.01923932898572467,0.009729055198119159,3.8916220792476635,1.8916220792476635,101.26439405816572,4.6177348594198095,1.4066564000019683,0,0,-0.9210082573950402
1999 Q3,466387,418859,47493,278331,10548,89707,76109,-251,665,457545,116887,109856,72.1,79.90281830338606,79.30504026784907,90.5086057870515,80.56223414092842,76.69301317019443,80.15604588321617,79.15397851016652,5.0654,5.8413,98.6712,61,5.9,0,0,0,47.88189987163029,NA,NA,76523,0.016597559470776346,0.017749629289690816,0.0061036969962486864,0.010561049368103426,9.484967039465886e-4,0.005096403597194765,0.01106346088196375,0.05851156505771904,0.031814475733215275,-0.27700848738154704,0.0030118723519230173,-0.0013764627087224923,0.4930166107858902,0.26845653706688566,-0.13539999999999974,0.7930000000000001,-0.09999999999999964,0,0,0.9283999999999999,6.1734339495261885,2.6697089324503764,-0.34318654691570466,0.054630612538308226,0.8141077045802321,5.359326244945956,0.46483552605052153,0.5532517569725393,0.05314460655710604,5.2008,-1.2086274824411773,2.3899023259014576,0.4837838618108997,0.010561049368103426,-0.002770084873815601,-1.1080339495262403,-3.1080339495262406,100.42669322484386,4.609428040694135,0.43437287506805156,0,0,1.4066564000019683
1999 Q4,473892,425797,48054,280651,10704,89800,75564,5435,1052,465400,118821,112129,72.5,80.7787397572615,80.28232739118631,90.81485174821968,80.93212502311818,77.16689864124807,80.41015729854517,79.59662343665082,5.4048,6.1127,100.5375,61.1,5.8,0,0,0,48.26700898587933,NA,NA,82051,0.01596368605499343,0.016428359098302536,0.011743046809849389,0.008300851624744254,0.014681234894831974,0.06974965591223636,0.0010361713840776332,0.016410502848698272,0.020479576937816546,0.5532517569725393,0.00557662230185052,0.004580860048966073,0.16380020042383592,0.8010723746078696,0.3393999999999995,0.27139999999999986,-0.10000000000000053,0,0,-0.06799999999999962,3.191792972109843,-0.4069074089118274,0.46483552605052153,0.05275081665933046,0.8018906462083853,2.3899023259014576,1.0094394016239112,-0.5532517569725393,0.054630612538308226,5.0654,-0.34318654691570466,7.291742355278181,5.359326244945956,0.008300851624744254,0.005532517569725698,2.213007027890279,0.21300702789027914,102.22435535833468,4.627169960125023,2.094859946007027,0,-0,0.43437287506805156
2000 Q1,480212,430764,49411,284274,10709,89286,78702,3874,509,470599,121073,113296,72.1,81.8465590616067,81.15102705637501,91.32030847654448,80.78416867024227,77.93123004617327,80.9219591632219,80.2910060902875,5.8672,6.2041,102.2035,61.8,5.8,0,0,0,48.39537869062901,NA,NA,83085,0.013248225430102067,0.0115976694575739,0.027847692901309173,0.012826657245264883,4.670060328653136e-4,0.012523175000913156,-0.00574027463218485,0.018775510482345936,0.01035386869632049,-0.5532517569725393,0.008685938009804772,-0.0018298266770768734,1.1391498286095647,0.2656044058116702,0.4624000000000006,0.09140000000000015,0,0,0,-0.37100000000000044,8.080207027890157,0.8421641786025447,1.0094394016239112,0.14711879525410865,0.788464672611976,7.291742355278181,0.9571492602275349,0.8287340248569919,0.05275081665933046,5.4048,0.46483552605052153,1.9110157792704314,2.3899023259014576,0.012826657245264883,-0.0055325175697257785,-2.2130070278903116,-4.213007027890312,102.83125327144026,4.6330893269665,2.601352561542366,0,-0,2.094859946007027
2000 Q2,483672,434327,49313,287388,10884,91962,83313,-3292,366,473997,124993,116898,72.7,80.38972667727943,81.76635598588368,91.5770223681578,81.5239504346218,78.75670796349247,81.4122868237863,80.63620535637334,6,5.8512,100.9823,62,5.5,0,0,0,47.496790757381255,NA,NA,80387,0.007179317970706478,0.008237330285126632,-0.0019853334992365745,0.010894657335688507,0.016209311502262125,-0.033011708584030686,0.029530747568855986,0.03186406626814886,0.03129789678238737,0.8287340248569919,0.004290135800397721,0.0091158334080097,0.3231020581446309,-1.8742181809740632,0.13279999999999959,-0.3529,-0.2999999999999998,0,0,-0.4856999999999996,2.6850639005720325,0.056616948576149184,0.9571492602275349,-0.06268484460381779,0.77404812130160106,1.9110157792704314,0.8051995148287581,0,0.14711879525410865,5.8672,1.0094394016239112,5.240805446543143,7.291742355278181,0.010894657335688507,0.008287340248570507,3.314936099428203,1.3149360994282029,102.0940405564785,4.625894354774433,1.8237268131157016,0,-0,2.601352561542366
2000 Q3,486617,437292,49294,290894,11032,92728,77774,5022,541,478764,125648,119292,72.7,80.11376962899986,82.01972672156369,91.85158092588892,81.5239504346218,79.38345971553113,81.90261448435072,81.05938515984411,6,5.7308,99.3371,63.3,5.3,0,0,0,47.753530166880616,NA,NA,83337,0.00607037499850982,0.006803457558280712,-3.853681834993239e-4,0.01212572052412142,0.013506319570000258,0.03604015665701965,0.008295028341619215,0.005226610898276363,0.020272509326202837,0,0.005234289547436433,0,2.075094410503908,0.5390848634876377,0,-0.12040000000000006,-0.20000000000000018,0,0,-0.12040000000000006,6,-1.5045898427926474,0.8051995148287581,-0.1771714450879605,0.7591945534568574,5.240805446543143,0.6500220356714035,0.685403642779292,-0.06268484460381779,6,0.9571492602275349,2.5139629713281355,1.9110157792704314,0.01212572052412142,0,0,-2,99.90641800143952,4.604233927849588,-0.3756999786924632,0,-0,1.8237268131157016
2000 Q4,489506,440400,49078,293325,11029,92470,80494,-2600,264,483091,128491,123310,73.2,81.53003379331868,82.77983892860374,92.24898557665502,82.04179766968743,79.81148530228923,82.37504697482154,81.6508021449475,6,5.4054,100.1377,63.2,5.2,0,0,0,48.39537869062901,NA,NA,78158,0.005919353269153049,0.007082240674280982,-0.004391500572008766,0.00832226966579519,-2.719731669902359e-4,-0.06416020935536615,-0.002786208996896633,0.022374516339411343,0.033127240864430973,0.685403642779292,0.007269607385477883,0.006331997637507136,-0.15810279973189623,1.3351333174864255,0,-0.32540000000000013,-0.09999999999999964,0,0,-0.32540000000000013,3.258385428882832,-1.075272452501963,0.6500220356714035,-0.19681317034394713,0.7444224575546967,2.5139629713281355,0.7427305359722293,-0.5479465764626212,-0.1771714450879605,6,0.8051995148287581,7.317131081936917,5.240805446543143,0.00832226966579519,0.006854036427792213,2.741614571116885,0.7416145711168851,100.6172224483924,4.611323440313177,0.32090065948456575,0,-0,-0.3756999786924632
2001 Q1,493575,443858,49687,294155,11036,95572,80656,-2886,348,485121,133421,125943,72.8,82.38980743769213,84.01049678762104,92.24875595778953,81.78287405215461,80.57581670721443,82.58978901594465,82.18153371210866,5.8555,5.0395,98.1356,63.3,5.1,0,0,0,47.753530166880616,NA,NA,78118,0.008278103709333351,0.007821286610614209,0.012332460254672384,0.0028256299865159207,6.344890310288065e-4,-5.119148285537278e-4,0.03299562253873667,0.03765067940951816,0.021127913761525008,-0.5479465764626212,0.00647898256392665,-0.0031609870528654938,0.15810279973189623,-1.3351333174864255,-0.14449999999999985,-0.3658999999999999,-0.10000000000000053,0,0,-0.22140000000000004,8.047286305850484,1.6522765647993154,0.7427305359722293,-0.22197145236421828,0.7301552239135672,7.317131081936917,0.42920605817680635,1.3642776403786527,-0.19681317034394713,6,0.6500220356714035,-0.8090314999098794,2.5139629713281355,0.0028256299865159207,-0.005479465764625708,-2.191786305850283,-4.1917863058502824,97.65954773913033,4.581487427649315,-2.65749385020921,0,-0,0.32090065948456575
2001 Q2,495602,445609,49962,296378,11266,93844,83881,5252,1026,493376,127853,126803,73.8,81.64961902664044,84.98778391095833,92.9545715475984,82.96652487516182,81.41658125263217,83.76371217408426,82.93654038325127,5.3648,5.1873,99.2273,62.9,5,0,0,0,48.52374839537868,NA,NA,90159,0.004098362249061793,0.003937194436504754,0.005519387010899379,0.0075288273493967495,0.020626684117482696,0.14335427423468694,-0.01824606094556458,-0.042628375921506034,0.006805277385277364,1.3642776403786527,0.009145115545182492,0.014369353662761597,-0.6339165443735695,1.6000341346440905,-0.49070000000000036,0.14779999999999927,-0.09999999999999964,0,0,0.6384999999999996,-0.09231056151461114,-4.94336533067834,0.42920605817680635,-0.25288471490975545,0.7167209383952683,-0.8090314999098794,0.18709115159309606,0,-0.22197145236421828,5.8555,0.7427305359722293,4.350191278671514,7.317131081936917,0.0075288273493967495,0.013642776403786479,5.457110561514591,3.4571105615145914,99.26317417753873,4.597774648063659,-1.0096843763881072,0,0,-2.65749385020921
2001 Q3,497938,447290,50614,300827,11436,96405,83716,3143,1095,496462,124645,124659,73.8,80.74876012469574,84.11908424576961,92.7935103148075,82.96652487516182,81.52358764932167,83.81381865034632,82.8471984973914,5.0547,5.1492000000000004,99.2594,62.1,5.1,0,0,0,48.65211810012837,NA,NA,87954,0.004702386022811922,0.0037652679328665783,0.012965501384771372,0.014899682040137918,0.014976933987544072,-0.02476082774098387,0.02692423830863966,-0.02541146960937546,-0.01705269150006039,0,-0.0010778125178259046,0,-1.2800174766962158,0.2642009462838768,-0.3100999999999994,-0.038099999999999135,0.09999999999999964,0,0,0.27200000000000024,5.0547,-0.8358778109315068,0.18709115159309606,-0.08965264958381985,0.7045087213284861,4.350191278671514,-0.24650903458659856,0.13540963477298718,-0.25288471490975545,5.3648,0.42920605817680635,2.995145570812076,-0.8090314999098794,0.014899682040137918,0,0,-2,99.402365180193,4.599175907948788,-0.8386060353176281,0,0,-1.0096843763881072
2001 Q4,499278,448189,51057,303055,11492,98194,80870,1167,617,496062,125115,123472,73.9,81.42100723617567,84.44484662021539,92.63074334187301,83.1514703162567,81.29428822784413,84.09656233782508,82.97255230674887,4.2305,4.7534,99.6313,61.5,5.2,0,0,0,48.26700898587933,NA,NA,82654,0.0026874835672909825,0.002007864622237676,0.008714437814141718,0.007378958503020172,0.004884866656977849,-0.06215073058580067,0.018387046206058244,0.0037636175111188663,-0.00956759981393418,0.13540963477298718,0.0015119288580365264,0.0022266764933736027,-0.9708814126960341,-0.794706169253212,-0.8242000000000003,-0.3958000000000004,0.10000000000000053,0,0,0.4283999999999999,3.6888614609080514,1.3331217325053046,-0.24650903458659856,0.067783104957167,0.6937158900959753,2.995145570812076,-0.6367933679906268,0,-0.08965264958381985,5.0547,0.18709115159309606,3.315606656743914,4.350191278671514,0.007378958503020172,0.0013540963477294517,0.5416385390917807,-1.4583614609082192,99.8461401294777,4.603630402424376,-0.3517240178185625,0,0,-0.8386060353176281
2002 Q1,500794,449084,51690,303450,11431,97996,80619,-331,893,499824,127552,127861,73.9,81.90626621751338,84.87919645280974,92.76697293449637,83.22544849269465,81.5847341617157,84.67994488287616,83.40947346647025,4,5.0511,100.1794,61.3,5.2,0,0,0,49.0372272143774,NA,NA,81181,0.0030317840339897373,0.0019949341991214453,0.012321683527298788,0.0013025450931056781,-0.005322178073402739,-0.017981990310264706,-0.002018452186385744,0.019290810228644872,0.034929326647027636,0,0.005252035633321661,8.892841848835431e-4,-0.32573318703068566,1.5831465216680662,-0.23050000000000015,0.29769999999999985,0,0,0,0.5282,4,-1.5638516418382764,-0.6367933679906268,0.11953694296275019,0.6843933432560858,3.315606656743914,-0.7967558003504948,0.8086297431357359,0.067783104957167,4.2305,-0.24650903458659856,0.08915465279823953,2.995145570812076,0.0013025450931056781,0,0,-2,99.9583758082424,4.604753857417802,-0.18832630516927826,0,0,-0.3517240178185625
2002 Q2,503433,451085,52336,304764,11536,99479,80307,3821,1155,503961,131298,132776,74.5,80.84018603951573,85.38593792416977,93.5954049984747,84.03920843351212,82.47135859142892,85.51743884325626,83.9854194187967,4,5.2047,99.2276,61.5,5.2,0,0,0,49.29396662387676,NA,NA,85283,0.005255795900410476,0.004445839161077103,0.012420131588079641,0.004320854318843104,0.009143617498953205,0.04929390839530967,0.015019905101834041,0.0289454243099474,0.03771976145614353,0.8086297431357359,0.0068813117903641086,0.009730284642576414,0.32573318703068566,0.5221943981152055,0,0.15359999999999996,0,0,0,0.15359999999999996,0.7654810274570565,-0.8774337146196132,-0.7967558003504948,0.16568089424188748,0.676326374658817,0.08915465279823953,-0.8900852507574787,0.13413818242016262,0.11953694296275019,4,-0.6367933679906268,2.7943852515025958,3.315606656743914,0.004320854318843104,0.00808629743135762,3.2345189725430483,1.2345189725430483,99.29115096960295,4.59805645297754,-0.7980356390273662,0,0,-0.18832630516927826
2002 Q3,506386,454422,51943,307772,11773,100956,84317,-3108,1076,505925,130397,131079,74.6,80.13694231249534,85.31354628540404,93.0768599948172,84.11318660995006,82.82295103769454,85.56396628549959,84.01755982166839,4,4.6291,100.4933,61.2,5.3,0,0,0,49.42233632862644,NA,NA,82285,0.0058485895344055905,0.00737048991696021,-0.007537507276772715,0.009821542505074277,0.020336193553465165,-0.03578630698784657,0.014738211743811291,-0.006885905807338943,-0.012863302945802957,0.13413818242016262,3.826170632104109e-4,8.798944694392574e-4,-0.4889985294192378,0.26007817000572864,0,-0.5755999999999997,0.09999999999999964,0,0,-0.5755999999999997,3.4634472703193495,0.5977397138464013,-0.8900852507574787,0.30621227801418544,0.669062018816754,2.7943852515025958,-0.9031865801287795,0.53476063265947,0.16568089424188748,4,-0.7967558003504948,1.1989043758600233,0.08915465279823953,0.009821542505074277,0.0013413818242013111,0.5365527296805245,-1.4634472703194756,100.60767908388704,4.611228587594256,0.5876647871095675,0,-0,-0.7980356390273662
2002 Q4,509728,457536,52167,310517,11878,100900,88245,1371,1062,514063,125085,130866,75,80.93804287608764,86.32702922812415,93.57040934483182,84.52006658035879,83.0828237153691,86.02566167391426,84.46327141347983,4,4.3847,100.9985,61.1,5.1,0,0,0,49.55070603337612,NA,NA,90678,0.006578025793963604,0.006829288416479784,0.004303147548785802,0.008879401171579815,0.008879175497609637,0.09712593876869313,-5.548509971138316e-4,-0.04159013688587976,-0.0016262959548445366,0.53476063265947,0.005290959550991126,0.004825629017823907,-0.16353233407304657,0.2594035177046816,0,-0.24440000000000062,-0.20000000000000018,0,0,-0.24440000000000062,1.8609574693621198,-3.996384093103522,-0.9031865801287795,0.1410248629403435,0.6620530935020965,1.1989043758600233,-0.7256863331751134,0,0.30621227801418544,4,-0.8900852507574787,3.1945002104288163,2.7943852515025958,0.008879401171579815,0.005347606326595277,2.139042530638111,0.13904253063811112,101.06641385848583,4.615777863696772,1.1195109458338637,0,-0,0.5876647871095675
2003 Q1,514031,460807,53215,312554,11881,101201,88754,-4730,869,512753,132320,132173,75,82.29091652599466,88.78834494615873,93.73632537649296,84.48307749213981,83.92358826078683,86.61262325298406,85.28108945294345,3.8492,3.9943,98.3904,62.1,5.2,0,0,0,49.935815147625156,NA,NA,84893,0.008406324808332144,0.007123730094136249,0.0198902004249657,0.006538603970893675,2.525358824811974e-4,-0.06592312983902815,0.0029787108679055763,0.05622972506832191,0.009937771634749737,0,0.009635953303606115,-4.3773255240431297e-4,1.6234122761883185,0.7741974153615327,-0.15079999999999982,-0.39039999999999964,0.10000000000000053,0,0,-0.2395999999999998,3.8492,4.6291953433572175,-0.7256863331751134,0.2698210350073088,0.654699789571184,3.1945002104288163,-0.45612196430432894,0.6644542718668767,0.1410248629403435,4,-0.9031865801287795,0.4457832712234535,1.1989043758600233,0.006538603970893675,0,0,-2,97.46971856250995,4.5795417509181515,-2.4191417603301626,0,-0,1.1195109458338637
2003 Q2,518802,465189,53598,316413,12021,103491,83391,1208,1118,519082,129359,131088,75.5,81.33285446824071,87.3043163514614,94.10515887985358,85.18587016830035,84.2293208227569,87.18884772999772,85.48150134155438,3.75,3.9011,95.8185,61.8,4.9,0,0,0,49.807445442875476,NA,NA,85717,0.00923873256441432,0.009464474382655297,0.007171442454749766,0.012271068032539745,0.011714634845967353,0.009659532349109767,0.022376014175279124,-0.022631746401282626,-0.008242817153062632,0.6644542718668767,0.0023472586085118152,0.008284329044784933,-0.4842624475787538,-0.25740039951731575,-0.09920000000000018,-0.09319999999999995,-0.2999999999999998,0,0,0.006000000000000227,1.0921829125324933,-1.4388929248219995,-0.45612196430432894,-0.007784960337316182,0.6463996413090398,0.4457832712234535,-0.06252400102724383,0.13236269305085813,0.2698210350073088,3.8492,-0.7256863331751134,2.360782836863839,3.1945002104288163,0.012271068032539745,0.006644542718668511,2.6578170874674045,0.6578170874674045,95.48711911489767,4.558991360011743,-4.382273511170526,0,0,-2.4191417603301626
2003 Q3,524213,469878,54326,318762,12274,104847,84584,1967,1022,525720,129683,132716,75.6,80.7835725629103,86.94235815763281,93.49204370631094,85.22285925651931,84.6420597814165,87.299797784578,85.57544515522211,3.5269,4.2859,95.5756,62,5,0,0,0,50.3209242618742,NA,NA,87573,0.010375782791598454,0.010029311919558026,0.013491179756563554,0.007396420542031379,0.02082808364478872,0.021421558928850004,0.01301749223255122,0.0025015261537220113,0.01234265339081908,0.13236269305085813,0.0010983923779379623,4.3412199509607063e-4,0.3231020581446309,1.0256500167189486,-0.22310000000000008,0.3847999999999998,0.09999999999999964,0,0,0.6078999999999999,2.9974492277965674,-0.9841127237097069,-0.06252400102724383,0.10765248420720186,0.6366663909327286,2.360782836863839,0.08602160190371733,0.5277057100843585,-0.007784960337316182,3.75,-0.45612196430432894,0.9123899579938055,0.4457832712234535,0.007396420542031379,0.0013236269305081242,0.5294507722032497,-1.4705492277967505,95.1818117029139,4.555788870003447,-4.603245695620068,0,0,-4.382273511170526
2003 Q4,528320,473720,54584,320529,12445,106647,84724,1142,1492,530908,132717,136681,76,83.06551570971627,87.37670799022712,94.05693891810154,85.62973922692805,84.657346409515,87.79728351317983,86.15035572074132,3.6484,4.8131,97.3017,61.5,4.9,0,0,0,50.83440308087292,NA,NA,87358,0.007804070455190271,0.008143343312559281,0.004737865808802866,0.0055280130638468705,0.013835731852649857,-0.002458113293336339,0.017022170491204136,0.023126030620595373,0.029438236789429695,0.5277057100843585,0.006695705717762124,0.004762944704553185,-0.8097210232619112,1.0152371464017929,0.12150000000000016,0.5272000000000006,-0.09999999999999964,0,0,0.4057000000000004,1.537577159662566,-0.6312206168834322,0.08602160190371733,0.01558384154180803,0.6251872016687605,0.9123899579938055,-0.2151617266708556,-0.13166558847466092,0.10765248420720186,3.5269,-0.06252400102724383,3.821062547224836,2.360782836863839,0.0055280130638468705,0.005277057100843819,2.1108228403375278,0.11082284033752776,96.713694651998,4.571755012411383,-2.8968255324450345,0,0,-4.603245695620068
2004 Q1,529996,474564,55446,322150,12588,106965,87208,-1448,1018,532292,133878,137511,75.9,84.5647409011537,87.52149126775856,93.78802242392236,85.62973922692805,85.4216778144402,88.09792237075219,86.77930176220993,3.9063,4.6369,101.6172,60.9,4.8,0,0,0,51.60462130937099,NA,NA,86778,0.0031672986161144223,0.0017800579211684209,0.015668774620834824,0.0050445196979787,0.011425043382605082,-0.006661484641984572,0.002977363021873458,0.008709895832005543,0.006054170327089992,-0.13166558847466092,0.007274042218520904,0,-0.9804000096621301,1.5037877364540542,0.2578999999999998,-0.17620000000000058,-0.10000000000000053,0,0,-0.4341000000000004,4.432962353898644,0.26557255049155515,-0.2151617266708556,-0.08460769823518677,0.6118998066738074,3.821062547224836,-0.33793243392742434,0.7874056430905441,0.01558384154180803,3.6484,0.08602160190371733,0.47483847613088526,0.9123899579938055,0.0050445196979787,-0.001316655884746785,-0.5266623538987141,-2.526662353898714,100.27108031836971,4.607877321571438,0.8417770699247796,0,-0,-2.8968255324450345
2004 Q2,532543,476258,56327,325157,12406,108070,86590,-1401,-32,536460,135892,141061,76.5,84.84547520559182,88.02823273911865,94.91991221998803,86.33253190308858,86.6446080623205,89.1895277464613,87.79471183189088,4.2213,5.0432,102.3277,60.9,4.8,0,0,0,53.01668806161746,NA,NA,85157,0.00479418614921201,0.003563236425627281,0.01576441976522247,0.009290867024070337,-0.014563752651234552,-0.018856521721366093,0.01027748716669663,0.01493151513012414,0.02548850703001726,0.7874056430905441,0.011633134852343296,0.00817384632616669,0,2.699550434201159,0.3150000000000004,0.4062999999999999,0,0,0,0.09129999999999949,1.071677427637824,-1.055699189989312,-0.33793243392742434,-0.09354868492644497,0.5968389515069388,0.47483847613088526,-0.56559560042674,0.13063359140552677,-0.08460769823518677,3.9063,-0.2151617266708556,3.5514107338663363,3.821062547224836,0.009290867024070337,0.007874056430905866,3.1496225723623463,1.1496225723623463,100.62347993960505,4.611385629434367,1.3433924805039774,0,0,0.8417770699247796
2004 Q3,534447,477472,57040,326983,12640,108663,88025,907,799,540304,137776,144797,76.6,84.95578794708523,87.9920369197358,94.34107586279292,86.36952099130755,86.9503406242906,89.2718455288918,87.94012960424254,4.6538,5.0059,102.1036,61,4.7,0,0,0,53.786906290115525,NA,NA,89731,0.003568921959848481,0.0025457952579195364,0.012578782206860595,0.0056000391695363305,0.018686162167785625,0.05231969419432758,0.005472184482950837,0.013768725343263455,0.026140340568131748,0.13063359140552677,0.0016549684098379203,4.283572564958149e-4,0.16406894574600983,1.442332696110471,0.4325000000000001,-0.03730000000000011,-0.09999999999999964,0,0,-0.4698000000000002,4.131265634377893,-1.2371615224868293,-0.56559560042674,-0.21181278852322738,0.5798549005115567,3.5514107338663363,-0.6750743025292147,0.6506203822738144,-0.09354868492644497,4.2213,-0.33793243392742434,1.5867939405840406,0.47483847613088526,0.0056000391695363305,0.001306335914055457,0.5225343656221828,-1.4774656343778172,100.28003214430818,4.607966593835595,1.1840075461056963,0,-0,1.3433924805039774
2004 Q4,536886,480324,56595,329186,12676,109673,88575,1588,445,541020,142224,147290,77.1,85.63150476518479,88.46258257171301,95.35549920781496,86.92435731459219,87.47008597963973,89.82301676777443,88.51302034600317,4.75,4.604,100.2955,61.8,4.7,0,0,0,56.225930680359426,NA,NA,90608,0.00455321401231501,0.005955356733890582,-0.007832134021658277,0.006714758781340535,0.0028440531099622746,0.0097262035788379109,0.009251861391605942,0.03177410154551019,0.01707067099650672,0.6506203822738144,0.006493426214218445,0.006403437035206849,1.3029500290334006,4.434799045430848,0.09619999999999962,-0.4018999999999995,0,0,0,-0.4980999999999991,2.1475184709047426,1.4703430549003471,-0.6750743025292147,-0.23991521108872316,0.5607245303207019,1.5867939405840406,-0.4491191454734835,0.25906750240931586,-0.21181278852322738,4.6538,-0.56559560042674,3.174644624485655,3.5514107338663363,0.006714758781340535,0.006506203822738278,2.602481529095311,0.6024815290953112,98.49536085161226,4.590009449115724,-0.3909728562396034,0,-0,1.1840075461056963
2005 Q1,541028,484427,56610,332385,12577,109227,91052,1149,942,547353,139465,147041,77.3,86.88675232255619,88.39019093294728,95.05617461530646,87.14629184390604,88.02040459118587,89.90175551618623,88.92525170037094,4.75,4.6183,100.6809,61.9,4.7,0,0,0,58.66495507060334,NA,NA,93143,0.007685252045327218,0.008505872992301988,2.650059641862157e-4,0.009670995049679831,-0.007840692763656065,0.027593437241044683,-0.004074925693496212,-0.019589605774926966,-0.0016919730466895544,0.25906750240931586,0.004646484563673781,0.0025499376332733803,0.1616815226904933,4.246448051775875,0,0.014299999999999535,0,0,0,0.014299999999999535,3.7137299903627365,-1.7897632728237411,-0.4491191454734835,-0.27823877169327327,0.5390853658770817,3.174644624485655,-0.1378858526074507,0.9014871096215238,-0.23991521108872316,4.75,-0.6750743025292147,0.6295425063461826,1.5867939405840406,0.009670995049679831,0.0025906750240924626,1.036270009636985,-0.963729990363015,98.66676705139447,4.591748183068215,0.04759149106789429,0,0,-0.3909728562396034
2005 Q2,545530,488982,56525,333357,12544,111034,94541,5056,493,549685,147653,152626,78,86.27081530200437,89.36747805628447,95.92518361308568,87.99704087294248,89.1974749547707,90.99693992591403,89.79394780786002,4.75,4.3861,101.584,61.7,4.8,0,0,0,59.56354300385108,NA,NA,100090,0.008286765663401141,0.009358929797221194,-0.0015026298845359776,0.0029200521843684157,-0.002627285456966888,0.07193383461843439,0.016408175220307797,0.05705125257947863,0.03727902496119384,0.9014871096215238,0.009721428378116848,0.009714965531480324,-0.32362487792081396,1.5201161332050184,0,-0.23219999999999974,0.09999999999999964,0,0,-0.23219999999999974,1.1440515615139049,1.9772227618284788,-0.1378858526074507,-0.22701634240029633,0.5145090551677223,0.6295425063461826,0.28933627612577445,0.51151006667709,-0.27823877169327327,4.75,-0.4491191454734835,2.059549087212827,3.174644624485655,0.0029200521843684157,0.00901487109621558,3.605948438486232,1.605948438486232,99.55115704640524,4.600671653209163,1.2545721359270672,0,-0,0.04759149106789429
2005 Q3,550552,493895,56612,335900,12424,111435,95781,-1552,522,554716,149097,154080,78.4,86.06685893912007,89.5484571531988,95.4563018897633,88.44090993157018,90.28282554976448,91.32979008965486,90.30204114240226,4.5923,4.2121,99.7212,63.5,4.7,0,0,0,60.46213093709885,NA,NA,94751,0.009163612105925978,0.009997265007129386,0.0015379587075603496,0.007599508824599255,-0.009612377761666124,-0.05481738323437746,0.003605000555436888,0.009732174540051375,0.009481463633859377,0.51151006667709,0.005642487492866444,0.005031457155366681,2.8755974987303645,1.4973541790163303,-0.15770000000000017,-0.1739999999999995,-0.09999999999999964,0,0,-0.016299999999999315,2.54625973329164,0.025071090619199765,0.28933627612577445,-0.38630689604090274,0.4867106460788133,2.059549087212827,0.8723728926861642,0.5089069507470789,-0.22701634240029633,4.75,-0.1378858526074507,2.008770655820653,0.6295425063461826,0.007599508824599255,0.005115100666770409,2.0460402667081636,0.046040266708163635,97.66593928436508,4.5815528727208665,-0.28677355182539155,0,-0,1.2545721359270672
2005 Q4,556311,499470,56773,336830,12905,111911,96029,-5759,668,559641,154122,158072,78.8,86.81284586234275,90.09139444394172,96.40157715357898,88.88477899019789,90.7414243927196,91.92033070274339,90.877794502337,4.5,4.3003,99.525,63.7,5.1,0,0,0,64.05648267008985,NA,NA,90938,0.010406079105353072,0.011224592236317221,0.002839883727205006,0.0027648554173094197,0.03798474732419166,-0.04107444236406721,0.004262451270076184,0.0331473957309516,0.025578677381700388,0.5089069507470789,0.006355622257445681,0.005006268278144432,0.31446566794715025,5.77480017351002,-0.09229999999999983,0.08819999999999961,0.39999999999999947,0,0,0.18049999999999944,2.4643721970116843,0.7568718349251213,0.8723728926861642,-0.05602752023221025,0.45560154119103147,2.008770655820653,0.8088559213531142,-0.12698414404761493,-0.38630689604090274,4.5923,0.28933627612577445,4.586574901502597,2.059549087212827,0.0027648554173094197,0.005089069507471228,2.035627802988491,0.03562780298849111,97.34234504086646,4.578234095350648,-0.1870482534348586,0,0,-0.28677355182539155
2006 Q1,558314,501970,56245,335359,12596,112873,96691,-1927,1472,561846,171890,175318,78.7,88.11541303930272,90.38096099900464,96.22939580715956,88.99574625485481,91.2305964918717,91.99191138311777,91.28288514422762,4.5,4.2546,98.7778,64.5,5.2,0,0,0,66.75224646983311,NA,NA,96236,0.0035940377366028287,0.004992820724925906,-0.009343712354009881,-0.0043767522176079154,-0.024235529931798894,0.056625552410416446,0.008559380322823884,0.10911024076519205,0.10355084234241119,-0.12698414404761493,0.004447626243460512,0.0012476607981550814,1.2480661223609246,4.12227158239542,0,-0.045700000000000074,0.10000000000000053,0,0,-0.045700000000000074,5.00793657619046,0.5559398422780859,0.8088559213531142,-0.0358538607813097,0.4213616746878632,4.586574901502597,0.688034968806513,1.388034903240598,-0.05602752023221025,4.5,0.8723728926861642,-1.4366762226960357,2.008770655820653,-0.0043767522176079154,-0.0012698414404758189,-0.5079365761903275,-2.5079365761903274,96.30287222542609,4.567498144168501,-0.7626184844100257,0,-0,-0.1870482534348586
2006 Q2,559795,502899,56818,335833,12253,112232,95793,-2257,1298,561443,177275,178564,79.8,87.70155651808099,91.50303139987334,97.1985514329858,90.14240798964305,92.77454592982065,93.23741522163174,92.38617280206793,4.5,4.6779,100.1995,64.6,5.5,0,0,0,74.32605905006417,NA,NA,94834,0.002649117154259528,0.0018489977592537343,0.010136028688123133,0.0014124127784569396,-0.027608498271469273,-0.014675513292356612,-0.005695135448307909,0.030847461849994318,0.01834561260180223,1.388034903240598,0.01201400976875,0.012802157090582078,0.15491869868293762,10.747366599752262,0,0.42330000000000023,0.2999999999999998,0,0,0.42330000000000023,-1.0521396129623923,1.2501849248192087,0.688034968806513,0.17457345370485433,0.38453660973364334,-1.4366762226960357,0.4985993441661632,0.6246116496952503,-0.0358538607813097,4.5,0.8088559213531142,1.8161202154144378,4.586574901502597,0.0014124127784569396,0.01388034903240552,5.552139612962208,3.5521396129622076,97.76597444629793,4.582576606959148,1.3151426163719553,0,0,-0.7626184844100257
2006 Q3,560675,503232,57388,338624,12333,113420,97542,5685,1315,563775,155446,159178,80.3,87.43725204363365,91.5392272192562,96.62358579380889,90.69724431292768,93.29429128516976,93.3089959020061,92.55199491017773,4.6602,4.7633,102.3051,64.5,5.5,0,0,0,78.30551989730424,NA,NA,104542,0.0015707697322309144,6.619416600006645e-4,0.009982045303232212,0.008276334685261233,0.006507791616542136,0.09746090978417321,0.010529585169411604,-0.13140379476290676,-0.11492400746947062,0.6246116496952503,0.001793271281952613,0.006136243430895583,-0.15491869868293762,5.215647959436165,0.16019999999999968,0.08539999999999992,0,0,0,-0.07479999999999976,2.1617534012189985,-1.6479787293436132,0.4985993441661632,0.07563620328233656,0.3456331858045607,1.8161202154144378,0.5479206262719218,0.7444203111730552,0.17457345370485433,4.5,0.688034968806513,1.6061352784899154,-1.4366762226960357,0.008276334685261233,0.0062461164969529895,2.4984465987811957,0.4984465987811957,100.25489626845558,4.607715905577114,4.476821953566679,0,-0,1.3151426163719553
2006 Q4,562669,504863,57756,339339,12098,113369,96024,5672,-194,567187,154514,159782,80.9,88.49069684912604,92.29933942629629,96.8439214965902,91.28906972443129,92.49938662404752,93.55594924929768,92.53271155090545,4.8889,4.8288,103.7163,63.7,5.5,0,0,0,83.31193838254171,NA,NA,101502,0.003550118386272061,0.0032358089725867956,0.006392017872828504,0.0021092604318670993,-0.019238446899128903,-0.02951040181350706,-4.497572709407649e-4,-0.006013697307901467,0.0037873132804620013,0.7444203111730552,-2.0837334116574624e-4,0.006504087969176453,-1.2480661223609246,6.197375953673312,0.2286999999999999,0.06550000000000011,0,0,0,-0.1631999999999998,1.9112187553077788,-0.9801010588363468,0.5479206262719218,-0.03239294040137952,0.3050834768178634,1.6061352784899154,1.375988046246647,0.12353306079928572,0.07563620328233656,4.6602,0.4985993441661632,4.465366047744921,1.8161202154144378,0.0021092604318670993,0.007444203111730046,2.9776812446920187,0.9776812446920187,102.32235048090283,4.628128128868572,7.248751166859438,0,-0,4.476821953566679
2007 Q1,568845,510837,57939,343169,11881,114363,98619,5300,1143,575261,156916,164175,81,90.53656320858978,91.28585648357615,96.31386274696332,91.47401516552615,93.44211297888228,93.71342674612129,93.21245653424536,5.2227,5.1255,104.7243,62.6,5.5,0,0,0,85.10911424903722,NA,NA,105062,0.010916455885114473,0.011763451588887364,0.003163492849600047,0.011223429480278213,-0.01809966420857201,0.03447214936431919,0.008729614743675285,0.01542592320131142,0.027122545890314598,0.12353306079928572,0.007319146170357449,0.00202388249613783,-1.7419284472064867,2.134227348177209,0.3338000000000001,0.2966999999999995,0,0,0,-0.03710000000000058,4.728567756802857,-1.1696622689003178,1.375988046246647,-0.14928857832587628,0.2632017090579357,4.465366047744921,2.091403064729564,0.9828088936262525,-0.03239294040137952,4.8889,0.5479206262719218,1.2459311114596963,1.6061352784899154,0.011223429480278213,0.0012353306079925864,0.4941322431970345,-1.5058677568029655,102.7711591623988,4.632504760763786,8.502403390623758,0,-0,7.248751166859438
2007 Q2,574194,516070,58038,347001,11761,114182,102493,2428,-53,575457,162203,163949,81.8,90.86638617022795,91.79259795493624,97.70814130088932,92.43573145921953,95.23370579202692,95.00187899285989,94.54048394332169,5.3975,5.4635,104.2312,63.3,5.4,0,0,0,82.02824133504492,NA,NA,104868,0.009359329027835983,0.0101918582649283,0.0017072354698921544,0.011104624593276213,-0.010151512607249558,-0.0018482356521207777,-0.0015839334734231159,0.03313800687404722,-0.00137752822553594,0.9828088936262525,0.014146777717011005,0.010458663313536398,1.1120051044078316,-3.6870535808327,0.1748000000000003,0.3380000000000001,-0.09999999999999964,0,0,0.1631999999999998,1.4662644254949901,3.451553509958316,2.091403064729564,-0.3748050658829577,0.22033331403529388,1.2459311114596963,2.85198524206773,-0.1223241742744463,-0.14928857832587628,5.2227,1.375988046246647,6.050255196412673,4.465366047744921,0.011104624593276213,0.009828088936262473,3.931235574504989,1.931235574504989,101.91070334110336,4.624096972407439,8.560690011195552,0,0,8.502403390623758
2007 Q3,579605,520508,59025,353872,11961,115149,99552,-1836,1435,586326,162540,169984,81.7,92.84925513474911,91.68401049678764,97.23650415118112,92.4727205474385,95.49648292904024,95.0663016051968,94.93238670417558,5.7383,5.3637,104.3586,63.4,5.3,0,0,0,78.69062901155326,NA,NA,99151,0.00937951873680376,0.008562842578150764,0.016863114543111735,0.01960760403927786,0.01686238419842745,-0.05605847578977041,0.008433275318997957,0.002075488130447667,0.03614891112235874,-0.1223241742744463,0.004136775026392314,4.0008002133973264e-4,0.15785322930490508,-4.153951844132386,0.34079999999999977,-0.09980000000000011,-0.10000000000000053,0,0,-0.4405999999999999,6.227596697097785,-3.4073422991911073,2.85198524206773,-0.6086034531029988,0.17734150068511179,6.050255196412673,3.5582232401182385,1.0955678660975465,-0.3748050658829577,5.3975,2.091403064729564,1.169691807924284,1.2459311114596963,0.01960760403927786,-0.001223241742744094,-0.4892966970976376,-2.489296697097638,101.65470383246404,4.621581813794306,9.283796297800977,0,-0,8.560690011195552
2007 Q4,584504,524558,59882,353402,11823,114103,106969,-6093,-659,584557,168521,168782,82.6,94.43544946267615,93.5661931046964,98.4703775262176,93.36045866469392,96.17566781545676,96.25811993343002,96.00237741076178,5.6875,4.792,101.5508,65.2,5.2,0,0,0,78.69062901155326,NA,NA,100217,0.008416787296273043,0.007750745455259889,0.014414876155679934,-0.0013290466472195561,-0.011604570186351637,0.010693894295023654,-0.00912539265613077,0.03613624578191832,-0.007096373569016379,1.0955678660975465,0.01120803655164071,0.009554212804811613,2.799560748942742,0,-0.050799999999999734,-0.5716999999999999,-0.09999999999999964,0,0,-0.5209000000000001,1.3052285356098139,4.32326193509347,3.5582232401182385,-0.8501105368501932,0.13553672768552993,1.169691807924284,3.835004454917036,0.3918864876822248,-0.6086034531029988,5.7383,2.85198524206773,3.6905492140732896,6.050255196412673,-0.0013290466472195561,0.010955678660975063,4.382271464390025,2.3822714643900254,98.75619251803869,4.592654110858531,7.428334682346091,0,-0,9.283796297800977
2008 Q1,586690,527380,59226,355059,11736,115993,101666,-4672,505,587419,168251,169186,82.924333333,97.86691666785951,94.5072844086508,98.6966505168065,93.8043277233216,97.26896745706176,96.855818614556,97.17923277582618,5.3548,4.275,95.8724,67.8,5.2,0,0,0,85.2374839537869,NA,NA,97499,0.003732946955794958,0.0053653480903435025,-0.011015324463450327,0.00467775367014589,-0.0073857460402955155,-0.027495713397714283,0.016428295209895083,-0.0016034590633982049,0.0023907600271613205,0.3918864876822248,0.01218407821268297,0.004743091896012963,3.9102726013742206,7.991721354022285,-0.3327,-0.5169999999999995,0,0,0,-0.18429999999999946,3.787254049271101,-0.39942190905595254,3.835004454917036,-0.998372736830535,0.09670483519781115,3.6905492140732896,3.234006981041853,1.99741998251044,-0.8501105368501932,5.6875,3.5582232401182385,-3.0249529321761908,1.169691807924284,0.00467775367014589,0.00391886487682231,1.567545950728924,-0.432454049271076,92.54287950561483,4.527672099329469,2.011456203571762,0,-0,7.428334682346091
2008 Q2,583541,525379,58056,350021,12043,115307,103272,-281,-216,583754,168428,168738,84.597333333,98.01162736290968,94.76065514433084,100.3307495743851,95.54281486961347,99.4043565361418,98.44490971886694,98.74702440884114,5.0278,4.7415,93.0504,70.5,5.4,0,0,0,91.14249037227214,NA,NA,102775,-0.005381856403962715,-0.0038014444135843206,-0.019952572687969905,-0.01429082016576011,0.025822537437662163,0.052700011242995615,-0.005931707837588007,0.001051446727041494,-0.0026514853189905097,1.99741998251044,0.01600423668922435,0.018363477538724027,3.905051487187361,6.69828205589269,-0.32699999999999996,0.4664999999999999,0.20000000000000018,0,0,0.7934999999999999,-2.9618799300417598,0.37029320460320037,3.234006981041853,-0.951905153664533,0.06307300213443112,-3.0249529321761908,1.5419477999754287,1.2405396857536388,-0.998372736830535,5.3548,3.835004454917036,7.999809148406811e-4,3.6905492140732896,-0.01429082016576011,0.019974199825104563,7.989679930041825,5.989679930041825,90.03103834233107,4.500154481346459,0.36171583204106306,0,0,2.011456203571762
2008 Q3,573961,516973,56876,344231,12336,117362,98198,-858,-1304,569768,169106,164573,85.653333333,97.7824301662788,95.99131300334813,100.1287833808426,96.61549842796376,100.5604842192316,98.71691630428953,99.28196655417162,5,4.6827,91.6517,72.7,5.9,0,0,0,99.48652118100128,NA,NA,96036,-0.01655326513610511,-0.01612925813230781,-0.02053460244170857,-0.01668020904527623,0.024038238542630097,-0.06781901161103399,0.017665038650610754,0.00401737846778083,-0.024992975346966873,1.2405396857536388,0.005402678102105263,0.011164697300481308,3.0728674721250293,8.759805931798592,-0.027800000000000047,-0.05880000000000063,0.5,0,0,-0.031000000000000583,0.037841256985444716,2.9010353814747702,1.5419477999754287,-0.6085989050121005,0.037041276070604034,7.999809148406811e-4,-0.6170549980694334,0.1229007855441111,-0.951905153664533,5.0278,3.234006981041853,2.854962939893573,-3.0249529321761908,-0.01668020904527623,0.012405396857536418,4.962158743014567,2.962158743014567,89.19016196600649,4.490770741642455,0.5214896375510709,0,-0,0.36171583204106306
2008 Q4,561816,506011,55694,335303,12572,118565,96036,-2768,241,556376,161069,155485,85.758666667,96.87235004895828,96.89620848791964,100.0276854746386,96.80044386905863,97.716101328943,98.4592258549418,97.98367999777705,3.3672,3.5671,83.9687,72.2,6.4,0,0,0,108.85750962772785,NA,NA,93509,-0.021387055609700667,-0.02143224059170734,-0.021001038331283084,-0.026278342994645598,0.018950302114348005,-0.02666543282615308,0.010198158127094459,-0.048692892635870066,-0.05680497682212149,0.1229007855441111,-0.013163014692766595,0.0019124121338238709,-0.6901338640692423,9.001760643855583,-1.6328,-1.1155999999999997,0.5,0,0,0.5172000000000003,2.8755968578235556,0.8112084186251423,-0.6170549980694334,-0.26575016781214267,0.02063391792998237,2.854962939893573,-2.6751694518284928,-0.39959081534259866,-0.6085989050121005,5,1.5419477999754287,2.6549458026027617,7.999809148406811e-4,-0.026278342994645598,0.0012290078554416852,0.4916031421766741,-1.508396857823326,82.95470665413085,4.418294755884267,-5.65663328911066,0,0,0.5214896375510709
2009 Q1,550451,496095,54225,333667,12768,117859,90795,-7604,1402,546909,152669,149466,85.416666667,97.25456899898317,96.82381684915391,98.68047878813728,96.57850933974476,97.2298336891296,97.78278842540404,97.51475579842153,1.0714,2.5921,77.8965,72.7,7.1,0,0,0,107.06033376123234,NA,NA,84593,-0.020436451940485156,-0.019790967538577675,-0.02673036448990551,-0.004891110995998815,0.015469921772131912,-0.10020616747469724,-0.005972338667097787,-0.05356066543045657,-0.039480321727277,-0.39959081534259866,-0.004797226092777329,-0.00229533383101721,0.6901338640692423,-1.6647233433156217,-2.2958,-0.9750000000000001,0.6999999999999993,0,0,1.3207999999999998,2.6697632613703943,-1.4080343703179565,-2.6751694518284928,0.27972525531205494,0.01481745876763263,2.6549458026027617,-2.983668956656081,1.1033540146820897,-0.26575016781214267,3.3672,-0.6170549980694334,-3.932624901192682,2.854962939893573,-0.004891110995998815,-0.003995908153426531,-1.5983632613706125,-3.5983632613706122,77.14860988151297,4.3457335602607445,-11.897073735975678,0,0,-5.65663328911066
2009 Q2,548859,494103,54655,332958,13014,117610,87418,-7752,533,546328,151805,149706,86.364333333,96.51105189155624,97.72871233372544,99.57838696027268,97.46624745700018,98.2607638880927,98.61312431774668,98.20302536105372,0.5,2.7139,81.3212,71.1,7.8,0,0,0,101.66880616174583,NA,NA,80199,-0.002896364288382358,-0.004023443164342666,0.007898645032859974,-0.002127133747862331,0.019083660365339483,-0.05334047490525684,-0.002114928868030219,-0.005675376676574473,0.0016044285660665736,1.1033540146820897,0.007033314968127868,0.00914989227633356,-2.2254047730278614,-5.167201054432091,-0.5713999999999999,0.12180000000000035,0.7000000000000002,0,0,0.6932000000000003,-3.913416058728359,-0.7279805242641046,-2.983668956656081,0.8310776555921107,0.019208842464323028,-3.932624901192682,-2.891476989545869,0.6520746116786214,0.27972525531205494,1.0714,-2.6751694518284928,-2.1404369204573035,2.6549458026027617,-0.002127133747862331,0.01103354014682072,4.413416058728288,2.413416058728288,80.71107965929937,4.3908758602669975,-6.442550164644199,1,0.6932000000000003,-11.897073735975678
2009 Q3,549540,494608,54835,333656,13457,118717,87976,-8530,773,551087,151597,153651,86.929333333,96.54133063676161,97.72871233372544,99.15729876366645,97.87312742740892,98.9280252045924,98.34469676634282,98.3309050653133,0.5,2.8839,82.9269,70.6,7.8,0,0,0,101.2836970474968,NA,NA,80219,0.0012399867211403404,0.0010215321644349018,0.003287974466372745,0.002094166204406278,0.03347371568661295,2.49348578135411e-4,0.009368443695064954,-0.00137111840123616,0.02601042607068038,0.6520746116786214,0.0013013500725227445,0.0041658836994384885,-0.7057192309998683,-0.37950709685512507,0,0.16999999999999993,0,0,0,0.16999999999999993,-2.1082984467144854,-2.738154447191654,-2.891476989545869,0.6913824959750459,0.0321384737428182,-2.1404369204573035,-2.6100970607766985,0.7255392637257607,0.8310776555921107,0.5,-2.983668956656081,-2.453900783934349,-3.932624901192682,0.002094166204406278,0.006520746116786816,2.6082984467147265,0.6082984467147265,82.54083541150142,4.413293145565939,-3.3500669488506842,1,0.16999999999999993,-6.442550164644199
2009 Q4,551372,496669,54581,336375,13534,119548,86660,-5121,-322,550838,157882,157472,87.562333333,97.38264475823256,98.27164962446838,99.84969805119192,98.35398557425557,99.1270571024349,98.87797283513186,98.78811711235754,0.5,2.7161,80.3886,71.3,7.8,0,0,0,101.54043645699613,NA,NA,81217,0.0033281528242525837,0.004158278603814125,-0.004642839370248453,0.008116086942914436,0.005705621050628551,0.01236419031594238,0.0069754548044613784,0.04062223446914537,0.024563867830172725,0.7255392637257607,0.004638952262666862,0.004901046568118517,0.9866182921054012,0.253164692177954,0,-0.16780000000000017,0,0,0,-0.16780000000000017,-2.402157054903043,1.6058366638972643,-2.6100970607766985,0.5631958158731548,0.051743729031306085,-2.453900783934349,-1.8498215196831833,0.7410981192839117,0.6913824959750459,0.5,-2.891476989545869,-2.540611874517627,-2.1404369204573035,0.008116086942914436,0.007255392637257628,2.9021570549030513,0.9021570549030513,80.03532647294035,4.382468118117478,-5.681480638777721,1,-0.16780000000000017,-3.3500669488506842
2010 Q1,556002,501320,54497,335932,13518,117946,90007,-2406,-480,556971,157938,159135,88.213666667,99.26924645620954,99.68328658039992,99.78422387183333,98.83484372110227,99.524968031839,98.8851309031693,99.23347012204624,0.5,2.8938,79.6194,72.9,8,0,0,0,101.2836970474968,NA,NA,87121,0.008362173899211456,0.009320811496385417,-0.001540182559363501,-0.001317850518034902,-0.0011829071318718576,0.07017337211851782,-0.013491071758696904,3.546323892535952e-4,0.010505233895777621,0.7410981192839117,0.004498032429538945,0.004877143413517082,2.21923115943623,-0.253164692177954,0,0.1777000000000002,0.20000000000000018,0,0,0.1777000000000002,-2.4643924771356467,-1.0150601506524026,-1.8498215196831833,0.6486415406387613,0.07621939738198036,-2.540611874517627,-0.8177288770066636,1.2795609072826508,0.5631958158731548,0.5,-2.6100970607766985,-4.722179566698494,-2.453900783934349,-0.001317850518034902,0.007410981192839173,2.9643924771356693,0.9643924771356693,79.29956441601524,4.373232635763362,-5.961638404580541,1,0.1777000000000002,-5.681480638777721
2010 Q2,562353,507391,54726,345407,13561,118254,87938,-1128,-745,563755,162473,163978,89.349666667,99.13429537928651,100.2624196905257,100.5623037988802,99.94451636767153,99.99778343892572,100.1950573540202,99.98694720713296,0.5,2.5396,79.8981,74,7.9,0,0,0,99.22978177150192,NA,NA,86065,0.011357875225320058,0.01203728977932883,0.004193262143516563,0.027814673336029827,0.0031758954276455142,-0.012195132255927277,0.002607960834637879,0.028309283165896204,0.029979373904964746,1.2795609072826508,0.007564291731952721,0.011164983863607425,1.4976454189557842,-2.048727225845237,0,-0.35420000000000007,-0.09999999999999964,0,0,-0.35420000000000007,-4.618243629130603,-0.16700907390685416,-0.8177288770066636,0.4494915982392378,0.10393593756789077,-4.722179566698494,-0.3651015299835185,0.292428911851772,0.6486415406387613,0.5,-1.8498215196831833,-0.8034544545145025,-2.540611874517627,0.027814673336029827,0.01279560907282653,5.118243629130612,3.118243629130612,79.86419413979456,4.380327618911098,-4.720930234439306,1,-0.35420000000000007,-5.961638404580541
2010 Q3,565659,510280,55151,346142,13659,118609,90701,-989,346,570479,164197,169102,89.611333333,99.69298651365197,99.53850330286858,99.48614578173743,100.1664508969854,100.0910318703266,100.0411588912153,99.97895530709943,0.5,2.0181,81.7638,73.6,7.8,0,0,0,98.97304236200254,NA,NA,90058,0.005861656553129535,0.005677685147437828,0.007735961475319186,0.002125663623994356,0.0072006189149469435,0.04535108248608921,0.002997515574902465,0.010555092330914562,0.030769810671394282,0.292428911851772,-7.993262788641431e-5,0.002218115512022223,-0.5420067469339429,-0.25906750240922705,0,-0.5215000000000001,-0.10000000000000053,0,0,-0.5215000000000001,-0.669715647407088,-2.021471834047972,-0.3651015299835185,0.26711251567907435,0.13373880710741448,-0.8034544545145025,-0.47951486438345403,1.0074290877252423,0.4494915982392378,0.5,-0.8177288770066636,-3.694834721660513,-4.722179566698494,0.002125663623994356,0.002924289118517116,1.1697156474068464,-0.8302843525931536,81.91713578816892,4.405708197156631,-1.7645991736874729,1,-0.5215000000000001,-4.720930234439306
2010 Q4,565945,510392,55339,345426,13479,118817,92570,-2502,364,569775,167102,170871,90.518666667,101.9034716508517,100.5157904262058,100.1673265475492,101.0541890142408,100.3862166589087,100.8786528515954,100.79802770053766,0.5,2.0285,80.2965,74.9,7.9,0,0,0,100.5134788189987,NA,NA,90432,5.054771918260315e-4,2.1946325646204912e-4,0.003403026182082769,-0.0020706575660760507,-0.013265726264622302,0.004144279852503985,0.0017521253208361287,0.017537477961157677,0.01040680268976324,1.0074290877252423,0.008159072070899498,0.008823586658515126,1.750886478834346,1.5444322427473622,0,0.010400000000000187,0.10000000000000053,0,0,0.010400000000000187,-3.5297163509009692,0.7130675271394438,-0.47951486438345403,0.30258988771386663,0.16511837075954341,-3.694834721660513,-0.5134105504786719,1.4564429001261203,0.26711251567907435,0.5,-0.3651015299835185,-5.523619360567877,-0.8034544545145025,-0.0020706575660760507,0.01007429087725275,4.0297163509011,2.0297163509011,80.5005601130299,4.388264142326149,-3.2014734632378197,1,0.010400000000000187,-1.7645991736874729
2011 Q1,566873,510827,55816,342009,13232,119224,89358,-67,-2778,559005,175388,167395,91.846666667,104.4547229992622,101.0587277169487,100.3809048951462,102.3488071019049,101.6559239887704,101.3260321039352,101.84054398023213,0.5,2.6037,80.8192,76.8,7.8,0,0,0,104.74967907573811,NA,NA,86513,0.001638392411821954,8.519230964356694e-4,0.008582662553457965,-0.009941385417159054,-0.018494780474796357,-0.044303495399152126,0.0034195823123397417,0.04839625813572468,-0.02055259681442223,1.4564429001261203,0.010289506770345902,0.012729759096244742,2.5050749630452174,4.128165897330316,0,0.5751999999999997,-0.10000000000000053,0,0,0.5751999999999997,-5.325771600504481,6.894885495014691,-0.5134105504786719,0.15684236377684901,0.1978477600633955,-5.523619360567877,-0.7929648270763555,1.5277919880027468,0.30258988771386663,0.5,-0.47951486438345403,-5.842796451911839,-3.694834721660513,-0.009941385417159054,0.014564429001261273,5.825771600504509,3.825771600504509,81.2225503482765,4.39719292226106,-2.108508867997294,1,0.5751999999999997,-3.2014734632378197
2011 Q2,566601,510824,55549,340153,13719,117522,88767,5005,453,566547,171891,171705,93.260666667,105.0368474724234,101.7102524658402,100.9616438086554,103.680414277788,103.42810278423,102.9509135484333,103.31627137051733,0.5,2.307,79.4364,78.6,7.9,0,0,0,105.64826700898587,NA,NA,94225,-4.7994044013499604e-4,-5.872846990939706e-6,-0.004795052513511422,-0.005441536115251111,0.0361435950626916,0.08539084749028802,-0.014378526545829828,-0.02014010754911766,0.025421599007504625,1.5277919880027468,0.014386583655516816,0.012926571377861684,2.3167059281534286,0.8541845712962903,0,-0.29669999999999996,0.10000000000000053,0,0,-0.29669999999999996,-5.611167952010987,-4.556170655662228,-0.7929648270763555,0.23059947462154562,0.23162849990085216,-5.842796451911839,-0.8853881733758215,0.6068431688306397,0.15684236377684901,0.5,-0.5134105504786719,-2.193513535152055,-5.523619360567877,-0.005441536115251111,0.015277919880027063,6.111167952010825,4.111167952010825,79.71637721225711,4.378475050411551,-3.882355671080834,1,-0.29669999999999996,-2.108508867997294
2011 Q3,567586,512382,54990,340755,13673,117292,90687,672,1547,565012,173283,170584,93.828333333,106.1116702855735,101.0225318975659,99.86754271730968,104.2722396892917,103.8506251848726,102.7361715073102,103.47405363252291,0.5,1.5986,79.2172,79.8,8.3,0,0,0,109.75609756097559,NA,NA,92906,0.0017369274160934367,0.0030453324239321233,-0.010114163603700987,0.0017682275927217717,-0.0033586480170821886,-0.014097309843077,-0.0019589979605587615,0.008065541124965492,-0.006550044014616674,0.6068431688306397,0.0015260123279219329,0.005691939949325153,1.5151805020602538,3.8145268259691,0,-0.7083999999999999,0.40000000000000036,0,0,-0.7083999999999999,-1.9273726753225588,1.4615585139582166,-0.8853881733758215,0.6244927245240506,0.2661408598294962,-2.193513535152055,-1.1035224949953408,0.9500528453468604,0.23059947462154562,0.5,-0.7929648270763555,-3.601101726704404,-5.842796451911839,0.0017682275927217717,0.006068431688307118,2.427372675322847,0.42737267532284706,79.82827168682905,4.379877723502626,-3.739678010078948,1,-0.7083999999999999,-3.882355671080834
2011 Q4,568056,513338,54528,341255,13391,118072,91791,-5180,3,564382,175427,171578,94.724,106.6123549330404,101.3482942720116,99.71530540949249,105.1229887183281,103.6927143166151,103.8420930190942,103.94917123754789,0.5,1.2468,80.303,79.1,8.4,0,0,0,119.6405648267009,NA,NA,86614,8.277256861486393e-4,0.0018640570074062168,-0.008437019312873772,0.0014662544231871522,-0.020840245813516844,-0.07012676399020634,0.006628055739373195,0.012296905834729088,0.0058101296827430815,0.9500528453468604,0.004581149832770137,0.008125817542933511,-0.8810629682154847,8.623134574883107,0,-0.3518000000000001,0.09999999999999964,0,0,-0.3518000000000001,-3.3002113813874416,0.6486776151986007,-1.1035224949953408,0.7390094930888214,0.30089034531696257,-3.601101726704404,-0.49975662880066657,0.3460217139101829,0.6244927245240506,0.5,-0.8853881733758215,-1.2194115373977297,-2.193513535152055,0.0014662544231871522,0.009500528453468608,3.800211381387443,1.800211381387443,81.20979958326637,4.397035924408826,-2.1079349353339203,1,-0.3518000000000001,-3.739678010078948
2012 Q1,573416,518310,54962,341708,13210,121472,93207,-5535,-2133,566043,181049,173500,95.052333333000007,108.3480585773647,101.8912315627545,99.50153024572502,105.5298686887368,104.5177336350914,104.0496769921799,104.58856119127928,0.5,1.0583,81.1729,78.5,8.2,0,0,0,119.12708600770216,NA,NA,85539,0.009391451381471683,0.009639021247465962,0.007927706147032865,0.0013265727907150193,-0.013608720979194189,-0.012489053026708774,0.02838917566793242,0.03154471090337019,0.011139625680238296,0.3460217139101829,0.006132146445409603,0.003863042556453422,-0.7614249985245181,-0.4301081899391157,0,-0.1884999999999999,-0.20000000000000107,0,0,-0.1884999999999999,-0.8840868556407315,2.040508522313189,-0.49975662880066657,0.5742468519675081,0.33532468175699814,-1.2194115373977297,-0.92162983025128975,0.8151649615123269,0.7390094930888214,0.5,-1.1035224949953408,-3.129415116982218,-3.601101726704404,0.0013265727907150193,0.00346021713910127,1.384086855640508,-0.6159131443594921,81.90346420788337,4.4055412879850415,-1.4165830003968691,1,-0.1884999999999999,-2.1079349353339203
2012 Q2,573112,517974,55005,345006,13703,118038,90462,8076,672,578416,171425,176342,95.830333333,107.9475082955685,102.1084064790517,99.932885685888,106.3066395413353,105.3826510529047,105.4848696336859,105.49004346922435,0.5,0.9032,83.1546,77.7,8,0,0,0,117.45827984595634,NA,NA,99210,-5.302966994680247e-4,-6.484709052223536e-4,7.820528375166447e-4,0.00960523698728366,0.03664066842982905,0.14826640336860386,-0.028677177025224765,-0.054621859689873986,0.016247691933859443,0.8151649615123269,0.008582385748367116,0.007333715425470899,-1.0243367414761728,-1.4107667510678823,0,-0.15510000000000002,-0.1999999999999993,0,0,-0.15510000000000002,-2.7606598460493075,-7.086955162373343,-0.92162983025128975,0.42983999187857225,0.3687552709329106,-3.129415116982218,-0.2916775009611291,0.2726799164948446,0.5742468519675081,0.5,-0.49975662880066657,-0.9915905683926318,-1.2194115373977297,0.00960523698728366,0.00815164961512292,3.260659846049168,1.260659846049168,83.79829790271029,4.428412695858253,0.6489633777244895,1,-0.15510000000000002,-1.4165830003968691
2012 Q3,579051,523398,55532,349895,13871,119084,89954,8158,66,578221,176160,175108,96.092,108.1254674970318,101.3844900913944,99.34194513421227,106.6025522470871,105.6137848697541,105.3524453749934,105.50650278322952,0.5,0.661,84.0808,77.4,7.8,0,0,0,117.45827984595634,NA,NA,98178,0.010309396502854895,0.010417120969888671,0.009535340981155827,0.014071301289977356,0.012185542817089612,-0.010456657986997797,0.00882251992451799,0.027246819803941946,-0.007022364894456956,0.2726799164948446,1.5601500906914367e-4,0.00277970992049692,-0.3868476777920016,0,0,-0.24219999999999997,-0.20000000000000018,0,0,-0.24219999999999997,-0.5907196659793783,3.4269184698398902,-0.2916775009611291,0.30506519925799225,0.4008709024132535,-0.9915905683926318,-0.8673905996756364,1.2009764458856154,0.42983999187857225,0.5,-0.92162983025128975,-4.735002533720992,-3.129415116982218,0.014071301289977356,0.002726799164949063,1.0907196659796252,-0.9092803340203748,84.95426953343775,4.4421131062244665,1.7485828033006034,1,-0.24219999999999997,0.6489633777244895
2012 Q4,578215,522805,55305,355752,13023,120427,94360,-6154,-214,578915,171077,171699,97.253,108.8546015595305,102.5789521310289,99.3724188379318,107.6752358054374,105.6518485737194,106.2328877435981,106.01624631878407,0.5,0.7892,83.6268,77.6,7.8,0,0,0,120.9242618741977,NA,NA,87992,-0.001444784769313756,-0.0011336233283696373,-0.004096110818338161,0.01660074940521028,-0.06308330479558677,-0.10953625641999665,0.011214633778882543,-0.029278925425247238,-0.019659982651671015,1.2009764458856154,0.004819760753873581,0.010012167186156162,0.25806465934916645,2.9081209300841238,0,0.12819999999999998,0,0,0,0.12819999999999998,-4.3039057835424614,-0.9618942773576222,-0.8673905996756364,0.39893011054680794,0.43109675017853,-4.735002533720992,-1.0618457924474685,0.44970178328647137,0.30506519925799225,0.5,-0.2916775009611291,-1.7580589143225471,-0.9915905683926318,0.01660074940521028,0.012009764458855939,4.803905783542375,2.8039057835423753,84.93542944897418,4.441891314265876,1.4203319771092506,1,0.12819999999999998,1.7485828033006034
2013 Q1,579749,523879,55728,352851,12779,118915,92806,-736,754,577655,175680,173450,97.691333333,111.0173440464085,103.1580852411547,99.12974449980815,108.1191048640651,106.2755430001383,105.9823553622878,106.44265684015986,0.5,0.9567,80.3229,79.3,7.8,0,0,0,126.44415917843388,NA,NA,92824,0.0026494794265730093,0.0020521960341994827,0.007619393269427732,-0.008187987371377048,-0.018913826359000296,0.05345932579042767,-0.01263480805192252,0.026550410772042454,0.010146429641112675,0.44970178328647137,0.004014057190223852,0.004113821365621995,2.1670701451629526,4.46363665957259,0,0.16749999999999998,0,0,0,0.16749999999999998,-1.2988071331458855,1.640398113092978,-1.0618457924474685,0.5102516964365283,0.45925178117666166,-1.7580589143225471,-0.8838832481373494,0.7207630463726744,0.39893011054680794,0.5,-0.8673905996756364,-2.8678474133293252,-4.735002533720992,-0.008187987371377048,0.0044970178328645385,1.7988071331458153,-0.2011928668541847,81.58796769914197,4.401681796430175,-2.9302571377735234,1,0.16749999999999998,1.4203319771092506
2013 Q2,583605,527480,55991,355308,12789,119339,95370,1467,3619,588957,176643,181639,98.398,110.5284700751691,104.099176545109,99.50966531410224,108.8218975402256,106.8504730829231,106.9630106834166,107.04419222080513,0.5,0.9316,80.5181,78.6,7.7,0,0,0,126.44415917843388,NA,NA,100456,0.006629132871186272,0.006850208314201467,0.004708249909866069,0.006939147448711935,7.8222782461701e-4,0.0790145936414195,0.0035592304650222673,0.005466588318995491,0.04613182740354915,0.7207630463726744,0.005635353889143602,0.006479136050137058,-0.8866429205641957,0,0,-0.02510000000000001,-0.09999999999999964,0,0,-0.02510000000000001,-2.3830521854906976,-4.066523908455366,-0.8838832481373494,0.5375975962996077,0.4847952278386275,-2.8678474133293252,-0.6279163261282755,0.3013807946554259,0.5102516964365283,0.5,-1.0618457924474685,-1.2125880613180349,-1.7580589143225471,0.006939147448711935,0.007207630463726927,2.883052185490771,0.8830521854907709,81.85528095031606,4.4049528215930795,-2.9451610429554775,1,-0.02510000000000001,-2.9302571377735234
2013 Q3,588076,530967,56915,359151,12746,119283,97806,-836,-1784,591029,177535,180198,98.695,111.0810934959879,104.4249389195548,99.3078959367302,109.1547993341964,107.2543457972855,106.7697428464058,107.18918288454522,0.5,1.4572,81.2328,78.7,7.6,0,0,0,126.70089858793325,NA,NA,95186,0.007631807123100742,0.006588922478588444,0.016367963243668626,0.010757893911874206,-0.003367929559081162,-0.05388694852708298,-4.6936159304600267e-4,0.0050370259358683,-0.007964954485796483,0.3013807946554259,0.0013535770120416402,0.0030544737815567657,0.1271455988196557,0.20283982613928941,0,0.5256000000000001,-0.10000000000000053,0,0,0.5256000000000001,-0.7055231786217036,1.3001980421664783,-0.6279163261282755,0.579216542198191,0.5070648826963314,-1.2125880613180349,-0.4962823854780859,0.6091143266435672,0.5375975962996077,0.5,-0.8838832481373494,-2.461967168643001,-2.8678474133293252,0.010757893911874206,0.0030138079465548274,1.205523178621931,-0.7944768213780691,82.72243284945655,4.41549082098354,-2.2327085940095777,1,0.5256000000000001,-2.9451610429554775
2013 Q4,591954,534457,57301,360080,12290,121652,97433,753,3988,602962,172842,183509,99.298,112.0050994432018,104.9316803909148,99.33620466257511,109.783613833919,106.9550336191169,107.0954349421092,107.3485039017968,0.5,1.6261,83.5499,77.2,7.2,0,0,0,129.26829268292684,NA,NA,102174,0.006572737915266913,0.006551405793045362,0.006759148798209935,0.002583316115799761,-0.03643157331415736,0.0708443701129422,0.019665688657051206,-0.02678989018373379,0.018207466279907436,0.6091143266435672,0.0014852499710071854,0.0057442293443319414,-1.924369839262674,2.006085328508078,0,0.16890000000000005,-0.39999999999999947,0,0,0.16890000000000005,-1.936457306574269,-4.4997356463641225,-0.4962823854780859,0.3330212676967412,0.5255098620687321,-2.461967168643001,-0.2382346815932605,0.09294289010117751,0.579216542198191,0.5,-0.6279163261282755,-0.4115109150730022,-1.2125880613180349,0.002583316115799761,0.0060911432664354104,2.436457306574164,0.43645730657416415,85.44515874998628,4.447874752017285,0.679864697820838,1,0.16890000000000005,-2.2327085940095777
2014 Q1,596696,539075,57460,361463,12142,122173,100986,93,1025,604233,175844,183053,99.390333333,113.5047519384101,105.3298344041263,99.10196061708436,109.8945810985759,107.7691994316432,106.6695298938817,107.67657020902526,0.5,1.8015,85.5623,76.5,6.7,0,0,0,133.7612323491656,NA,NA,102104,0.007978841807160464,0.008603429585598121,0.0027709779757536523,0.003833456061919094,-0.012115406869702028,-6.85340592132988e-4,0.004273563358418997,0.01721935595696955,-0.0024879842167067068,0.09294289010117751,0.0030514261012832833,0.0010102711753363636,-0.9108716198240607,3.4166329594749634,0,0.1754,-0.5,0,0,0.1754,0.12822843959528996,1.9707340173676258,-0.2382346815932605,-0.0034375039791353923,0.5397393546682921,-0.4115109150730022,0.14872102314691904,0.7024913426712409,0.3330212676967412,0.5,-0.4962823854780859,-2.859410272348341,-2.461967168643001,0.003833456061919094,9.294289010115596e-4,0.37177156040462384,-1.628228439595376,87.32478289452936,4.469634304512071,2.561792004366261,1,0.1754,0.679864697820838
2014 Q2,602310,544423,57755,364739,11831,122833,101232,6293,-3384,609263,176753,183399,100.091,112.8918316824808,106.0537507917836,99.6119769200238,110.5973737747364,109.0418112208436,107.56786743258,108.49451230273925,0.5,1.859,86.8969,75.7,6.3,0,0,0,132.73427471116815,NA,NA,104141,0.009364491964143795,0.00987181043494978,0.005120872189500858,0.009022344259328463,-0.025947311436716802,0.019753848466489643,0.005387636192285328,0.00515603940925935,0.0018883788480827945,0.7024913426712409,0.007567580156576881,0.006374790922123452,-1.0512580389086423,-0.7707167244937807,0,0.057499999999999885,-0.40000000000000036,0,0,0.057499999999999885,-2.3099653706849637,0.3267660561176555,0.14872102314691904,-0.2328171878961668,0.5494449016633776,-2.859410272348341,0.4049962912483951,0.040954336487875054,-0.0034375039791353923,0.5,-0.2382346815932605,-0.21829673069014888,-0.4115109150730022,0.009022344259328463,0.007024913426712635,2.809965370685054,0.8099653706850538,88.58115240288743,4.483919108151761,3.743875568632017,1,0.057499999999999885,2.561792004366261
2014 Q3,607213,549310,57820,371275,11784,122880,103142,6564,1413,617831,178051,188317,100.132,113.1982896739266,106.6690797212922,99.31311156524622,110.7823192158313,109.1668558386894,107.1455414183712,108.40323532340709,0.5,1.8288,88.0024,74.7,6,0,0,0,132.60590500641848,NA,NA,111119,0.00810737266830941,0.008936426939353481,0.0011248108475570007,0.01776099861108449,-0.0039805261111958146,0.0648559489786571,3.8256014596882437e-4,0.007316748349378344,0.026462605808932338,0.040954336487875054,-8.416591294233555e-4,0.0016708441648178862,-1.3298068304631983,-0.09675859487359162,0,-0.030200000000000005,-0.2999999999999998,0,0,-0.030200000000000005,0.3361826540484998,-1.9145857459553994,0.4049962912483951,-0.35777305068107446,0.5544793847386487,-0.21829673069014888,0.5078937654242774,0.09449720904957104,-0.2328171878961668,0.5,0.14872102314691904,-0.43292639946126044,-2.859410272348341,0.01776099861108449,4.095433648789248e-4,0.16381734595156994,-1.83618265404843,89.93375464739643,4.499073339832116,5.074771234810493,1,-0.030200000000000005,3.743875568632017
2014 Q4,611220,552444,58638,374107,11572,122448,106147,7975,5889,630608,181536,200436,100.226666667,113.581367504531,107.0672337345036,99.20400980144532,110.9302755687072,108.2898619846782,107.2708076090264,108.17898665611246,0.5,1.4057,87.28,74.1,5.7,0,0,0,132.09242618741976,NA,NA,120011,0.006577324228123516,0.00568912561779733,0.01404821399655276,0.007598824836478002,-0.018154292046441256,0.07698170612204436,-0.0035218193317962943,0.019383955036254008,0.062368280742083115,0.09449720904957104,-0.0020707955194119165,0.001334668199460154,-0.8064559836729934,-0.3879733285588216,0,-0.42310000000000003,-0.2999999999999998,0,0,-0.42310000000000003,0.12201116380171584,-4.298432570582911,0.5078937654242774,-0.4808148482181515,0.5549375632629763,-0.43292639946126044,0.2602231858858401,-0.7373800631701677,-0.35777305068107446,0.5,0.4049962912483951,2.898445894899133,-0.21829673069014888,0.007598824836478002,9.449720904951414e-4,0.37798883619805657,-1.6220111638019434,89.49977025034096,4.494236058242218,4.4802831041954905,1,-0.42310000000000003,5.074771234810493
2015 Q1,613076,553374,59472,375994,11515,122358,110016,5113,2467,631159,181242,199032,99.490333333,114.8071994703142,107.3929961089494,98.375118499736,110.3384501572036,107.7016325354478,106.3295216621035,107.6885916348734,0.5,1.1058,89.3788,72.1,5.5,0,0,0,130.42362002567393,NA,NA,117596,0.003031948845388044,0.0016820131690025164,0.014122662970143196,0.005031333062277099,-0.004937853841239459,-0.020328383966973007,-7.352761293013543e-4,-0.0016208263145145452,-0.007029377978797768,-0.7373800631701677,-0.00454348789878356,-0.005349394234261062,-2.7361488011138135,-1.2714107695622978,0,-0.29990000000000006,-0.20000000000000018,0,0,-0.29990000000000006,3.4495202526806708,0.5408551664283223,0.2602231858858401,-0.5042287282350205,0.5510743577815378,2.898445894899133,0.17286342610163802,0.5852756169920426,-0.4808148482181515,0.5,0.5078937654242774,-2.3843114035949067,-0.43292639946126044,0.005031333062277099,-0.007373800631701259,-2.9495202526805033,-4.949520252680504,91.57811537129461,4.517192327974771,6.747644136421462,1,-0.29990000000000006,4.4802831041954905
2015 Q2,615875,555685,59932,377177,12163,123906,109592,-5258,-38,625301,186951,195932,100.074333333,114.4241301857852,108.4064790516695,98.50236015391032,111.0042537451451,109.0000787261347,108.0367208890321,108.88137857335452,0.5,1.3044,91.1714,71.5,5.6,0,0,0,128.62644415917842,NA,NA,104296,0.004555112188709742,0.004167502981900384,0.0077049726260014495,0.0031413874746952786,0.05474802336365059,-0.12002201092012932,0.012572039674445534,0.031013395602977667,-0.015697955559186738,0.5852756169920426,0.011015368365326239,0.0060160609256181274,-0.8356594590941846,-1.3875346493617435,0,0.1986000000000001,0.09999999999999964,0,0,0.1986000000000001,-1.8411024679681702,4.6711351162164405,0.17286342610163802,-0.2300003291791669,0.5432089356267364,-2.3843114035949067,0.02884053513340333,0.06726069498785847,-0.5042287282350205,0.5,0.2602231858858401,-0.30054831941163207,2.898445894899133,0.0031413874746952786,0.005852756169920452,2.3411024679681804,0.34110246796818045,92.9489812905142,4.532050754349613,8.293641186896023,1,0.1986000000000001,6.747644136421462
2015 Q3,618263,557241,60693,381986,12097,124669,108107,-4656,99,630777,182489,194712,100.141666667,115.2285808109413,108.804633064881,97.94848664766302,111.1522100980211,109.2863972704197,107.56786743258,108.88124620950455,0.5,1.3249,92.8411,71,5.3,0,0,0,127.72785622593068,NA,NA,103550,0.003869912408932308,0.002796234455578528,0.012617783982488362,0.012669385429857627,-0.005441068658587511,-0.007178422518885341,0.006139011536099304,-0.024156653199225886,-0.006246116496951615,0.06726069498785847,-1.2156709630062323e-6,0.0013320015289419729,-0.701757265864611,-0.7010544486217185,0,0.020499999999999963,-0.2999999999999998,0,0,0.020499999999999963,0.23095722004856611,-1.7910536702274271,0.02884053513340333,-0.359800146542924,0.5315055394601982,-0.30054831941163207,0.1109086915302912,0.15200225076030804,-0.2300003291791669,0.5,0.17286342610163802,-0.6240826039118058,-2.3843114035949067,0.012669385429857627,6.726069498788574e-4,0.26904277995154297,-1.730957220048457,94.7775104729704,4.5515321498194,10.392064546723546,1,0.020499999999999963,8.293641186896023
2015 Q4,621968,560205,61389,381066,11943,124256,111664,13740,-3359,637406,187520,202774,100.294,115.2285808109413,109.7457243688354,97.86113307069311,111.3371555391159,108.7947793107718,107.54639322846771,108.70059210605619,0.5,1.2263,92.1341,70,5.1,0,0,0,126.70089858793325,NA,NA,122045,0.005974711197342941,0.005304966774657416,0.0114022958454143,-0.0024113702494563682,-0.012812155291422656,0.16433524134133393,-0.003318271599551892,0.02719560915525321,0.04057051460896943,0.15200225076030804,-0.0016605627230585895,0.0016625107736123468,-1.4184634991956102,-0.8072697725110878,0,-0.09860000000000002,-0.20000000000000018,0,0,-0.09860000000000002,-0.10800900304123218,-1.3374905453716224,0.1109086915302912,-0.39515492561288945,0.5160736008705736,-0.6240826039118058,0.11699246531725153,-0.45837105678137036,-0.359800146542924,0.5,0.02884053513340333,1.836551997115576,-0.30054831941163207,-0.0024113702494563682,0.0015200225076028968,0.6080090030411587,-1.3919909969588413,94.36883850777978,4.547210918103095,10.196880107896794,1,-0.09860000000000002,10.392064546723546
2016 Q1,625099,563767,61036,388934,11736,124722,113398,-5671,424,640872,188171,203798,99.835333333,117.2205684379333,110.7954031309384,97.40573325504428,111.1152210098021,108.8650978000249,106.386786206403,108.49378835042084,0.5,0.8999,86.9529,71.4,5.1,0,0,0,125.41720154043645,NA,NA,108151,0.005021392722044382,0.006338257402903835,-0.005766811979311726,0.020437074942945443,-0.017484291845608624,-0.12086143040959385,0.0037433069921526396,0.0034656174971985365,0.005037248827939322,-0.45837105678137036,-0.0019043201550372757,-0.001995344858895187,1.9802627296179764,-1.0183387390698684,0,-0.3263999999999999,0,0,0,-0.3263999999999999,2.3334842271254814,-0.1571631330740786,0.11699246531725153,-0.23736653658406603,0.4969322300099055,1.836551997115576,0.3768228220320333,0.5898975803257933,-0.39515492561288945,0.5,0.1109086915302912,-2.3337417317827067,-0.6240826039118058,0.020437074942945443,-0.0045837105678137235,-1.8334842271254894,-3.8334842271254894,89.05386057436662,4.489241361680483,4.713548598149651,1,-0.3263999999999999,10.196880107896794
2016 Q2,629697,568549,60917,392507,11731,124943,115410,-4315,-1253,641564,193916,205394,100.426,116.8374906073289,112.1708442674871,98.11948709705996,111.8550027741816,110.141378379969,107.9186127664144,109.64049381623418,0.5,0.7614,85.5019,72.8,4.9,0,0,0,123.8767650834403,NA,NA,109842,0.007328714117486257,0.008446455636054395,-0.0019515721264582453,0.009144708044530603,-4.261303170967068e-4,0.015514570823599527,0.0017703727612747855,0.030073951719657543,0.007800778574981848,0.5898975803257933,0.01051385428810736,0.006635724415398059,1.941808585710092,-1.23585507037971,0,-0.13850000000000007,-0.1999999999999993,0,0,-0.13850000000000007,-1.8595903213031733,2.2273173144675695,0.3768228220320333,-0.28748987782296065,0.47415141047953346,-2.3337417317827067,0.3709005679752245,0.4401507391601278,-0.23736653658406603,0.5,0.11699246531725153,-1.8661073369226784,1.836551997115576,0.009144708044530603,0.005898975803257755,2.359590321303102,0.3595903213031022,87.22885978357121,4.468535236980253,3.0169030900386575,1,-0.13850000000000007,4.713548598149651
2016 Q3,632477,571529,60766,395501,11665,125086,119949,-2044,2961,655884,188489,212379,100.869,117.105645088752,113.1481313908244,97.77623969585343,112.2988718328093,110.5077988554901,107.8506111200588,109.78878690708092,0.3423,0.2776,78.8059,75.9,4.8,0,0,0,124.13350449293965,NA,NA,120866,0.004405104994205544,0.005227724395565403,-0.002481859873746828,0.0075989441911819,-0.005642005050191301,0.09563952432069556,0.0011438674361148315,-0.028385425857848645,0.03344232865055474,0.4401507391601278,0.0013516255709733471,0.003960401216096976,4.170072919894441,0.2070394114308094,-0.1577,-0.48379999999999995,-0.10000000000000053,0,0,-0.32609999999999995,-1.4183029566405112,-6.182775450840339,0.3709005679752245,-0.24643149361071592,0.4478043802821671,-1.8661073369226784,0.5715213969869574,0.6321535451218274,-0.28748987782296065,0.5,0.3768228220320333,-2.6967402579086115,-2.3337417317827067,0.0075989441911819,0.004401507391601612,1.760602956640645,-0.23939704335935508,80.60762772849628,4.389593281864779,-4.462271168385155,1,-0.32609999999999995,3.0169030900386575
2016 Q4,636392,575366,60876,395973,11720,124773,117588,-3777,-2544,647882,195304,206386,101.508666667,117.7185653446813,113.6548728621844,97.67894690227752,113.0386535971889,110.7537607015951,108.3337807125858,110.17400967472187,0.25,0.5917,76.5517,77.9,4.7,0,0,0,124.90372272143773,NA,NA,111267,0.006170869370235366,0.006691134437948776,0.0018085863432695248,0.0011927114622949375,0.004703878675474726,-0.08274977555661955,-0.002505414363524139,0.03551766923604305,-0.028624212573797436,0.6321535451218274,0.003502621056512112,0.0065660117708912225,2.6009268475117864,0.6185586732710746,-0.0923,0.3141,-0.09999999999999964,0,0,0.4064,-2.2786141804873097,6.414188180984048,0.5715213969869574,-0.21491824705481555,0.4181260774213019,-2.6967402579086115,1.1375986543084824,0.4586773251588738,-0.24643149361071592,0.3423,0.3709005679752245,-1.970056181860397,-1.8661073369226784,0.0011927114622949375,0.006321535451217767,2.5286141804871067,0.5286141804871067,78.54212735039744,4.363635134986215,-6.6231844145237195,1,0.4064,-4.462271168385155
2017 Q1,642463,581083,61261,399124,11978,125247,118379,-2220,-961,652762,198858,208767,101.975333333,118.9060895274041,113.6548728621844,97.91328935585352,113.5195117440355,111.6295316253584,108.2335677600616,110.62724284941635,0.25,0.5634,77.0395,79,4.6,0,0,0,125.28883183568675,NA,NA,115198,0.009494501888136497,0.009887243749217234,0.006304416764333354,0.007926118439254282,0.021774849693402487,0.03471966863896547,0.003791701207035203,0.01803368319089138,0.011470595691369212,0.4586773251588738,0.004105355436863967,0.004244904333324584,1.4021899590319187,0.3078504227087997,0,-0.028299999999999992,-0.10000000000000053,0,0,-0.028299999999999992,-1.5847093006354953,0.6563087499522169,1.1375986543084824,-0.19352298157926662,0.3853468812249017,-1.970056181860397,1.63959275974462,1.1750543029314109,-0.21491824705481555,0.25,0.5715213969869574,-4.800038733283824,-2.6967402579086115,0.007926118439254282,0.004586773251589007,1.8347093006356028,-0.16529069936439722,79.05364175900876,4.3701266316520035,-5.537638300769833,1,-0.028299999999999992,-6.6231844145237195
2017 Q2,647944,586073,61757,399139,12256,126105,120665,2641,-207,660392,203039,215284,103.180666667,118.5996272629206,114.5235725273731,98.48385943389114,114.7401516552617,112.236257894588,109.5649684150248,111.42865663492897,0.25,0.4155,77.9399,78.6,4.4,0,0,0,128.49807445442875,NA,954.8426955230593,123099,0.008495045302275628,0.00855075140557382,0.008063904270290578,3.7581599052316506e-5,0.02294397915596491,0.0663365226805901,0.006827105673059108,0.020807076641455424,0.030739289158507432,1.1750543029314109,0.00721815783289248,0.010695289116747553,-0.507615303186082,2.5292192902128363,0,-0.14790000000000003,-0.1999999999999993,0,0,-0.14790000000000003,-4.4502172117256436,-0.9932212517052008,1.63959275974462,-0.28268421670364363,0.34982152155818047,-4.800038733283824,2.004479474723205,0.5120259684485262,-0.19352298157926662,0.25,1.1375986543084824,-2.1103611666476962,-1.970056181860397,3.7581599052316506e-5,0.011750543029314593,4.700217211725837,2.700217211725837,80.25615865849598,4.38522350247355,-3.6043054588612553,1,-0.14790000000000003,-5.537638300769833
2017 Q3,652329,589810,62378,401714,12457,126510,121482,-888,-195,660369,208846,216527,103.710333333,118.982705093525,114.8493349018189,98.24685996201453,115.3319770667653,112.6814045048164,109.4468602924071,111.59180412515552,0.25,0.5533,76.5529,79.3,4.3,0,0,0,130.5519897304236,NA,954.8426955230593,120399,0.006744763020472888,0.006356095940176942,0.010005319700304938,0.006430665487316745,0.016267100905720255,-0.02217768248817542,0.00320646317120854,0.028199059441933017,0.005757164283732408,0.5120259684485262,0.0014630722111599326,0.005144705881238387,0.8866429205641957,1.585761673333863,0,0.13780000000000003,-0.10000000000000053,0,0,0.13780000000000003,-1.7981038737941049,2.244189515820061,2.004479474723205,-0.2827195200840432,0.31225729285359144,-2.1103611666476962,2.481583283400956,0.8312323113646158,-0.28268421670364363,0.25,1.63959275974462,-3.1899030368824737,-4.800038733283824,0.006430665487316745,0.00512025968448463,2.0481038737938517,0.048103873793851726,79.11868955261478,4.370949124394365,-4.631632863387035,1,0.13780000000000003,-3.6043054588612553
2017 Q4,657225,593743,63281,403747,12855,126734,123835,-5762,597,665948,204429,212727,104.576,119.8637798308774,115.1750972762646,98.42340406687818,116.1827260958017,113.0990351844676,109.8656072725972,112.05822632994112,0.4087,0.7669,77.6936,79.9,4.4,0,0,0,132.73427471116815,NA,948.1728821070596,118670,0.00747738972476597,0.006646114668260594,0.014372477008341988,0.005048051531266751,0.03145012681389758,-0.014464695515341575,0.0017690453350738267,-0.021376411322979294,-0.01770559748185896,0.8312323113646158,0.004171006639644759,0.007349449920924123,0.753772413142606,1.6577659019814561,0.1587,0.2136,0.10000000000000053,0,-0.007009759463294101,0.054900000000000004,-2.9162292454584633,-0.3670813841120335,2.481583283400956,-0.09376978174109873,0.2736737914240103,-3.1899030368824737,2.3281644493977454,0.16306567036901143,-0.2827195200840432,0.25,2.004479474723205,-0.38757968193909215,-2.1103611666476962,0.005048051531266751,0.008312323113646288,3.3249292454585153,1.3249292454585153,80.55324935823052,4.388918448452199,-2.466657388600331,1,0.054900000000000004,-4.631632863387035
2018 Q1,657741,594120,63407,406073,13232,126485,122841,-2734,67,664443,209354,215666,104.746666667,121.4343775711669,115.9352094833047,98.6194985780032,116.3306824486776,114.1012265226055,109.6079168232494,112.552352462696,0.5,1.0283,79.0131,80.7,4.2,0,0,0,133.1193838254172,NA,948.1728821070596,120174,7.848112065023116e-4,6.347533556620988e-4,0.0019891393272466473,0.005744502226079362,0.028905297563483145,0.01259416087010301,-0.001966677699993369,0.02380587210663876,0.013721261136632634,0.16306567036901143,0.004399854473001064,0.001272669595894449,0.996272250367447,0.2897153161153021,0.09129999999999999,0.26139999999999997,-0.20000000000000018,0,0,0.17009999999999997,-0.1522626814760457,1.0084610970006125,2.3281644493977454,-0.21579919199544162,0.23531700046304643,-0.38757968193909215,2.350556015059133,0.8814146930800071,-0.09376978174109873,0.4087,2.481583283400956,-3.2243879662225186,-3.1899030368824737,0.005744502226079362,0.00163065670369079,0.6522626814763159,-1.347737318523684,81.66553292106495,4.402632039181048,-0.7649597885904871,1,0.17009999999999997,-2.466657388600331
2018 Q2,659172,595593,63386,404497,13877,126524,120520,2210,800,666228,212801,219506,105.674,120.6299269460108,117.2744548004706,99.4519981761702,117.366376918809,115.2799784152811,111.4439612748519,113.74244039880047,0.5,1.0461,79.0885,81,4,0,0,0,135.17329910141206,NA,1015.2520171557176,123530,0.0021732651484605015,0.002476228725191376,-3.312485735325055e-4,-0.0038886264873987386,0.04759465510753813,0.02754334900157218,3.0828943088145877e-4,0.016330857662930853,0.017648652355667593,0.8814146930800071,0.010518128965826712,0.008863622448655128,0.37105793965359624,1.5311303904447904,0,0.017800000000000038,-0.20000000000000018,0,0.06835530270022964,0.017800000000000038,-3.0256587723200283,-0.131779469273674,2.350556015059133,-0.3487133350540683,0.19872919390249016,-3.2243879662225186,2.5059236139732004,0.6085125360687726,-0.21579919199544162,0.5,2.3281644493977454,-1.9392047675243296,-0.38757968193909215,-0.0038886264873987386,0.008814146930799707,3.5256587723198827,1.5256587723198827,81.60833079014117,4.40193134977536,-0.546490290533495,1,0.017800000000000038,-0.7649597885904871
2018 Q3,661262,597481,63587,408017,14326,126668,119714,-3316,967,667828,213492,219699,106.319,121.7025320525899,118.6137001176364,99.36047865692647,117.9951914185315,115.6572523967522,111.7660743365366,114.18500617143701,0.6602,1.0134,77.8032,82,4.1,0,0,0,139.7946084724005,NA,1015.2520171557176,117365,0.003165628490874539,0.003164936250358963,0.003166030067772496,0.008664520295413425,0.03184327480338567,-0.051195304667871255,0.00113747682016907,0.0032419045360718712,8.788607252760983e-4,0.6085125360687726,0.003883396541153772,0.0053434041956936795,1.227009259181422,3.3616610798985036,0.1602,-0.03269999999999995,0.09999999999999964,0,0,-0.19289999999999996,-1.7738501442750905,0.2363043810795773,2.5059236139732004,-0.192282920629,0.16535462324923922,-1.9392047675243296,2.5034414524543678,0.5898726233644069,-0.3487133350540683,0.5,2.350556015059133,-1.7461396567933989,-3.2243879662225186,0.008664520295413425,0.006085125360687448,2.434050144274979,0.4340501442749791,80.39937803384501,4.387006440257548,-1.7958603389410521,0,-0,-0.546490290533495
2018 Q4,662120,598221,63700,412655,14737,128164,120288,2340,-135,679133,210763,227553,106.948,122.4686748946856,119.0480499502307,99.31586699163203,118.6240059182541,115.5907555645237,111.9629212075662,114.35117873472086,0.75,1.0003,77.7834,81.6,4,0,0,0,144.03080872913992,NA,1083.3059789677136,122493,0.0012966779361018865,0.001237766758736214,0.0017755156408068018,0.011303052568498728,0.028285270038866273,0.04276514861407321,0.011741203506554498,-0.012865081800821798,0.03512475057251763,0.5898726233644069,0.0014542344148882336,0.005315003914264871,-0.4889985294192378,2.9852963149681777,0.08979999999999999,-0.013100000000000112,-0.09999999999999964,0,0.06488058273263878,-0.1029000000000001,-1.6094904934576277,-4.7989832373339425,2.5034414524543678,-0.24606071259784534,0.1366491633357711,-1.7461396567933989,2.89664734164241,-0.2221612952254759,-0.192282920629,0.6602,2.5059236139732004,1.524481986766176,-1.9392047675243296,0.011303052568498728,0.005898726233644683,2.3594904934578733,0.3594904934578733,80.68984162679475,4.390612689122025,-1.2408079746932705,0,-0,-1.7958603389410521
2019 Q1,665456,601281,63979,412090,14633,128838,124425,8771,12236,700581,210902,245960,106.710666667,123.6562033504461,119.4100081440594,99.23369624048316,118.4390604771592,115.9781187205398,111.1719546894294,114.31370812086764,0.75,0.8728,78.7401,81.1,3.8,0,0,0,135.17329910141206,NA,1083.3059789677136,145432,0.005025711554983658,0.005102128446779375,0.004370341936766664,-0.0013701206758121032,-0.007082086120837161,0.17165473792083574,0.0052451073937866965,6.592911673237722e-4,0.07778574279390327,-0.2221612952254759,-3.277338703275845e-4,-0.0015603061364943827,-0.614630084869372,-6.346957394866681,0,-0.12749999999999995,-0.20000000000000018,0,0,-0.12749999999999995,1.6386451809019036,-7.7126451626579495,2.89664734164241,-0.40947929801281313,0.1141631941357274,1.524481986766176,3.015251717924459,1.050897892390168,-0.24606071259784534,0.75,2.5034414524543678,-3.5530343018273296,-1.7461396567933989,-0.0013701206758121032,-0.0022216129522550795,-0.8886451809020318,-2.888645180902032,81.58167221744726,4.401604631564198,0.0019668441409922965,0,-0,-1.2408079746932705
2019 Q2,666875,602731,63966,413136,14142,131389,123353,-3946,1940,682568,206058,221484,107.838,123.8477422657483,120.1339245317166,100.095882277688,119.6227113001664,117.3681318135368,113.0079991410319,115.70422713990543,0.75,0.7292,78.3714,82,3.9,0,0,0,148.13863928112966,NA,1194.4896689422694,121347,0.0021301021090707195,0.002408615032084782,-2.0321231849074195e-4,0.0025350644797441646,-0.034130158928238785,-0.18105441342760287,0.019606587482423166,-0.023235888048221298,-0.1048185689721155,1.050897892390168,0.012090674205639473,0.009944146580391333,1.1036286142886098,9.159093493406978,0,-0.14360000000000006,0.10000000000000009,0,0.09770158171986683,-0.14360000000000006,-3.453591569560672,8.15826809238942,3.015251717924459,-0.28181747598074736,0.09944273226665801,-3.5530343018273296,3.4752871684246665,0.3976455035085813,-0.40947929801281313,0.75,2.89664734164241,-0.9348585633563007,1.524481986766176,0.0025350644797441646,0.010508978923901954,4.203591569560781,2.203591569560781,81.02555618001705,4.394764613305404,-0.5906792829299401,0,-0,0.0019668441409922965
2019 Q3,670547,606837,63619,412951,13873,130543,123425,-2827,1307,677782,217624,224511,108.267666667,125.1884975807128,120.5682743643109,99.61814382669684,120.1035694470131,117.6899153350103,112.8326264741147,115.90994685377113,0.75,0.4025,75.7641,83.4,3.9,0,0,0,148.13863928112966,NA,1194.4896689422694,121905,0.005491175151618677,0.006789226850713703,-0.005439524326499523,-4.478947207555706e-4,-0.01920458808346126,0.004587842885120708,-0.006459714290850016,0.05461112045856531,0.013574351641631566,0.3976455035085813,0.0017764005062028687,0.004011731965793963,1.6929062100447645,0,0,-0.32669999999999993,0,0,0,-0.32669999999999993,-0.8405820140343252,4.103676881693374,3.4752871684246665,-0.2620981210472412,0.09427654932197549,-0.9348585633563007,3.3859737808581736,0.17718120485819,-0.28181747598074736,0.75,3.015251717924459,-0.05924921600199484,-3.5530343018273296,-4.478947207555706e-4,0.003976455035085743,1.590582014034297,-0.409417985965703,78.50524560605811,4.363165445562915,-3.712844436081983,0,-0,-0.5906792829299401
2019 Q4,670587,606938,63567,412487,13184,132024,121024,-3018,-14047,660857,227937,217670,108.459666667,127.6401743313924,120.9664283775224,99.23986314715621,120.3255039763269,117.9406160358257,113.0867378894437,116.41902851930197,0.75,0.4711,79.4028,81.6,3.7,0,0,0,141.59178433889602,NA,1122.4557671889079,103959,5.96510117745197e-5,1.6642293708990508e-4,-8.177001068894185e-4,-0.0011242517278642339,-0.050940531931471966,-0.1592454622305155,0.011281049836643575,0.046300471965240675,-0.030944549328038917,0.17718120485819,0.004382427800789124,0.0018461543705052819,-2.1819047394640023,-4.5200427814542365,0,0.0686,-0.19999999999999973,0,-0.0622001046554664,0.0686,0.04127518056724,7.724502129327959,3.3859737808581736,-0.44916797183538054,0.10052439656923484,-0.05924921600199484,0.4875215420623892,0.02765622712930238,-0.2620981210472412,0.75,3.4752871684246665,0.3807447906031395,-0.9348585633563007,-0.0011242517278642339,0.0017718120485816133,0.7087248194326453,-1.2912751805673546,82.06718479485878,4.407538238565873,0.7075723802479721,0,0,-3.712844436081983
2020 Q1,652180,592030,60261,400748,12881,129380,117131,-3349,689,656985,207133,211334,108.489666667,129.7854016367016,120.7854492806081,99.10852115609823,120.3994821527649,118.4352913210933,112.4031423918685,116.56982141386942,0.6117,0.3602,79.227,81,4.1,0,0,1,141.20667522464697,3.230897010288203,1122.4557671889079,114471,-0.02783285077443587,-0.02486933488657428,-0.05340933944248327,-0.02887188929194373,-0.023250615753164894,0.09632492516280422,-0.020229913625428253,-0.09570817596257619,-0.02954033408847323,0.02765622712930238,0.001294421734478135,6.146281693188982e-4,-0.7380107297621841,-0.27235604670403646,-0.13829999999999998,-0.1109,0.39999999999999947,0,0,0.02739999999999998,0.5010750914827905,-6.616784187410296,0.4875215420623892,-0.04170995564260829,0.12033030087965102,0.3807447906031395,-21.86046774166353,0.012289201493853597,-0.44916797183538054,0.75,3.3859737808581736,-0.10493599554022878,-0.05924921600199484,-0.02887188929194373,2.7656227129327674e-4,0.1106249085173107,-1.8893750914826892,81.82983946291071,4.4046419627007625,0.34777870512986075,0,0,0.7075723802479721
2020 Q2,522356,474441,48031,308486,9133,106179,96088,-7096,-9616,502772,179222,158911,108.503,127.2187887177276,121.5093656682653,98.8737850701814,120.5844275938598,117.7956988014519,113.2585315223421,116.3781879874713,0.1,0.051,77.4012,79.9,4.1,1,0,1,137.997432605905,2.432816091031959,1106.2648230586424,79376,-0.22197124967626536,-0.22142004036877694,-0.22683849253989585,-0.2616563393941682,-0.34385912970440913,-0.36612546024687376,-0.19762746147414845,-0.14473583815753344,-0.28509552326335097,0.012289201493853597,-0.0016452896087804092,0.001534919718083394,-1.3673301900210433,-2.2989518224698635,-0.5117,-0.30920000000000003,0,-0.28371033928151834,-0.014529617610221191,0.2025,0.05084319402458562,14.035968510581753,-21.86046774166353,-0.03812626978396804,0.1557791895648144,-0.10493599554022878,-6.392964011722266,0.3777697098208854,-0.04170995564260829,0.6117,0.4875215420623892,-1.618220069608387,0.3807447906031395,-0.2616563393941682,1.228920149384848e-4,0.049156805975393916,-1.950843194024606,80.19870010420377,4.384507306564105,-1.7882883341004998,1,0.2025,0.34777870512986075
2020 Q3,610972,555701,55485,369291,11200,125054,111826,-333,1253,617426,181132,186911,108.913666667,127.6401828774678,122.4504569722197,98.75943487516938,121.0282966524875,119.1285399053605,112.7968361339275,116.74312310692274,0.1,-0.0673,77.4539,79.8,5,0,1,1,138.12580231065468,3.566408700074671,1106.2648230586424,112746,0.15670178383890665,0.15809311090944256,0.14426607817190096,0.1799084896905132,0.20401955059150545,0.3509414454763782,0.16361929487547577,0.010600786374435955,0.16228827065738294,0.3777697098208854,0.0031308627755954888,0.003674223361884721,-0.12523483164654792,0.0929800159966021,0,-0.11829999999999999,0.9000000000000004,0.38250965154046107,0,-0.11829999999999999,-1.4110788392835416,-15.168748428294698,-6.392964011722266,0.8632069571477696,0.20714123032484544,-1.618220069608387,-5.291187699060792,0.11439828916079975,-0.03812626978396804,0.1,-21.86046774166353,-0.6183091824048527,-0.10493599554022878,0.1799084896905132,0.0037776970982087064,1.5110788392834826,-0.48892116071651737,80.29692316442944,4.385731303461816,-1.8402745008585728,1,-0.11829999999999999,-1.7882883341004998
2020 Q4,619330,564240,55400,362708,11853,131064,118476,9008,8306,642282,191402,214356,109.038333333,127.7934011905964,122.5228486109854,98.5555005199228,121.2132420935823,119.4024762808857,112.7753619298152,116.84706273078656,0.1,-0.0096,77.9225,80.8,5.3,0,0,1,129.26829268292684,4.735209341698028,1025.5021382861742,135790,0.0135871169522499,0.015249313083545601,-0.0015331201992889731,-0.01798684828914965,0.05666722179631556,0.1859720736756323,0.0469401095007953,0.05514988104800089,0.13700561652244225,0.11439828916079975,8.899314870687292e-4,0.0015269509761761668,1.2453461071286753,-6.627484800316719,0,0.0577,0.2999999999999998,0.2834668141104402,-0.0758069329814277,0.0577,-0.357593156643199,-8.185573547444136,-5.291187699060792,1.1639374254784558,0.26071602576165365,-0.6183091824048527,-6.682834064920288,0.10327423003930747,0.8632069571477696,0.1,-6.392964011722266,-0.6255644968553299,-1.618220069608387,-0.01798684828914965,0.0011439828916082367,0.45759315664329464,-1.5424068433567053,80.8342001612725,4.392400145296539,-1.3977920186782153,1,0.0577,-1.8402745008585728
2021 Q1,612665,558237,54723,349378,11502,130685,115504,5874,9037,624360,186358,197637,109.151,129.6439640885364,124.3688353995114,98.68126605281894,121.4721657111153,120.6838014481023,113.5949607201017,117.95771816692692,0.1,0.1843,80.4487,80.3,4.9,0,0,1,130.03851091142488,6.091573344166375,1025.5021382861742,130415,-0.010819954664249565,-0.010696089508574147,-0.012295497380350184,-0.03744367220728684,-0.030060066805800645,-0.040387901158824846,-0.002895906115142566,-0.02670637331076442,-0.08120616950594162,0.10327423003930747,0.009460316057417373,0.002133821873505859,-0.620734457433425,0.5940611530120599,0,0.1939,-0.39999999999999947,0.2518804599387008,0,0.1939,-0.3130969201572299,5.44997961951772,-6.682834064920288,0.7651733311857218,0.3124675766981,-0.6255644968553299,-0.2910433766248766,1.4356540379989013,1.1639374254784558,0.1,-5.291187699060792,-6.001662283246065,-0.6183091824048527,-0.03744367220728684,0.0010327423003930693,0.4130969201572277,-1.5869030798427723,82.84559899518096,4.416978622306921,0.7885568940703414,1,0.1939,-1.3977920186782153
2021 Q2,655443,597183,58560,389324,13323,142424,121418,-9169,-753,656433,197603,197409,110.729333333,128.8320869238422,124.94796850963711,99.36267643749612,123.0996855927501,123.5075473904579,115.3379502872175,119.7012667587093,0.1,0.3632,81.7835,81.4,4.7,0,0,1,141.46341463414635,7.466858236491935,1120.1540524230115,111496,0.06749304900545994,0.0674399956930305,0.0677677732801687,0.10825747119540274,0.14697093168651243,-0.1567329577346701,0.08601867669974261,0.058590412410465476,-0.001154296083573314,1.4356540379989013,0.014672955653227682,0.013309331368779098,1.3605652055779238,8.421048546417698,0,0.17890000000000003,-0.20000000000000018,0.20356792938549026,0.08828383901072132,0.17890000000000003,-5.642616151995606,5.974470849403879,-0.2910433766248766,0.5672954093562745,0.3590461312504596,-6.001662283246065,0.9851876699538097,1.0805737005175509,0.7651733311857218,0.1,-6.682834064920288,-4.618525200203278,-0.6255644968553299,0.10825747119540274,0.01435654037998836,5.742616151995343,3.7426161519953434,84.10540179970302,4.432070795590434,1.9829707249107744,1,0.17890000000000003,0.7885568940703414
2021 Q3,666498,606437,60297,401314,13511,140757,122220,622,3949,684393,189030,206737,111.932333333,128.9175476780206,126.7215636593974,99.5833401672282,124.2463473275384,125.4848727349994,115.9857554446055,120.76548800361188,0.1,0.3504,81.7658,83.6,4.4,0,0,1,141.84852374839537,12.419324007855437,1120.1540524230115,126791,0.01672579596299606,0.015377249213527122,0.02923048159866859,0.03033226145286072,0.014012303499747247,0.1285513457488836,-0.011773524749274955,-0.04435423476268063,0.04616973538984581,1.0805737005175509,0.00885135406023263,0.009271787671194076,2.6668247082160867,0.27186242389936055,0,-0.012800000000000034,-0.2999999999999998,0.5087793207784045,0,-0.012800000000000034,-4.222294802070204,-9.052397015252645,0.9851876699538097,0.27020616174482864,0.3962303981330739,-4.618525200203278,1.927460892374587,2.171331245919017,0.5672954093562745,0.1,-0.2910433766248766,-8.98571798146716,-6.001662283246065,0.03033226145286072,0.010805737005175677,4.322294802070271,2.322294802070271,84.12255979961922,4.432274780704592,1.6485605593123243,1,-0.012800000000000034,1.9829707249107744
2021 Q4,675680,613557,62258,402019,13753,141708,125434,1138,-2980,679192,207625,210449,114.389333333,130.0712678594281,128.2055922540946,99.96985432323125,126.5766598853339,127.389433729792,117.9935935291065,122.53764469211464,0.1234,0.6708,81.6163,89,4.2,0,0,1,158.92169448010267,18.881418504260754,1256.239547757808,123592,0.013682452321560845,0.011672321072687453,0.032004689892092486,0.0017551879008834703,0.017752813654748678,-0.025554243556342726,0.006733603053858062,0.0938278353113855,0.017795889427711487,2.171331245919017,0.014567737038109208,0.01858186483984614,6.259284964148382,11.365183929268774,0.02339999999999999,0.32039999999999996,-0.20000000000000018,0.41892464322077977,0.1146565499432772,0.297,-8.561924983676068,7.603194588367401,1.927460892374587,0.07345353047525233,0.42379299779109203,-8.98571798146716,2.488710110841877,1.3462106357599701,0.27020616174482864,0.1,0.9851876699538097,-5.370846811958387,-4.618525200203278,0.0017551879008834703,0.021713312459190042,8.685324983676017,6.685324983676017,84.30648942336137,4.434458842156041,1.4742130209542075,1,0.297,1.6485605593123243
2022 Q1,682527,619197,63368,407981,13689,141435,129865,6619,9004,714715,199933,232349,115.939666667,131.1395272866573,129.1104877386662,100.7166076764868,128.1671906787498,130.2983261906564,120.5776560906212,124.9208151930121,0.4563,1.1899,82.3364,91.7,3.8,0,0,1,160.7188703465982,19.664373847849046,1256.239547757808,145488,0.010082495530546964,0.0091503079319466,0.017671961018161042,0.014721253508637844,-0.004664391519195732,0.16310779097380745,-0.001928354821394862,-0.03775125751045749,0.09899720818698832,1.3462106357599701,0.019261771728345423,0.012487457171864946,2.9886009530279978,1.124509841550303,0.3329,0.5191,-0.40000000000000036,0.040630273897521586,0,0.18620000000000003,-4.928542543039881,-13.674846569744581,2.488710110841877,-0.3235834211796764,0.4423042689185058,-5.370846811958387,2.584447923890162,4.174767980533112,0.07345353047525233,0.1234,1.927460892374587,-16.193696754988242,-8.98571798146716,0.014721253508637844,0.013462106357599823,5.384842543039929,3.3848425430399294,84.47611442734265,4.436468824905671,1.2455424285905907,1,0.18620000000000003,1.4742130209542075
2022 Q2,686335,622122,64173,415833,14825,137605,129435,5924,2317,702593,219130,235596,120.882333333,131.7377525659057,132.2233282055923,102.3027819965689,132.8648048825596,134.1731806810651,124.6183854977542,128.30351569790474,0.9583,1.778,80.1634,97.8,3.8,0,0,1,240.43645699614888,15.274868977740441,1930.798035066771,137676,0.005563760003832741,0.00471273768251379,0.012623559325799505,0.01906313266167814,0.07972235427041419,-0.05519051037854972,-0.027452985537385288,0.09168285058431103,0.01387792203483329,4.174767980533112,0.026718615298068293,0.0359965177980861,6.440219777835221,40.279915078404386,0.502,0.5881000000000001,0,-0.2525996369746195,0.42981063452755375,0.08610000000000007,-15.740771922132447,7.780492854947774,2.584447923890162,-0.32157153840372754,0.45292483285579305,-16.193696754988242,2.2170726250535284,1.858821062104532,-0.3235834211796764,0.4563,2.488710110841877,-6.27525327516413,-5.370846811958387,0.01906313266167814,0.04174767980533115,16.69907192213246,14.699071922132461,83.01327085066394,4.419000484782627,-0.9677671953370672,0,0,1.2455424285905907
2022 Q3,687029,622181,64724,416076,14707,138735,129817,-6937,-12921,676341,236990,225986,123.150333333,132.335977845154,135.2637770337526,102.9485686544007,135.1211392639172,135.9371046973515,126.7872801130975,130.05396188659554,1.6172,2.4349,78.134,101.9,3.7,0,0,1,241.20667522464697,27.633585584423543,1930.798035066771,109959,0.0010106571296066846,9.483220733841335e-5,0.008549514049784435,5.841985287116103e-4,-0.00799137396561278,-0.22479552956539273,0.008178376625968653,0.07835278514479604,-0.041645423253768854,1.858821062104532,0.013550782352103496,0.01683959737319274,4.106736318790727,0.31982969693773455,0.6588999999999999,0.6568999999999998,-0.09999999999999964,0.5928229744800906,0,-0.002000000000000113,-5.818084248418128,11.99982083985649,2.2170726250535284,-0.42097542674243216,0.45716902674600224,-6.27525327516413,2.004961493455569,2.830312151968606,-0.32157153840372754,0.9583,2.584447923890162,-8.972264452586328,-16.193696754988242,5.841985287116103e-4,0.018588210621045126,7.43528424841805,5.43528424841805,81.17826586823155,4.396647549618554,-3.707013092155023,0,-0,-0.9677671953370672
2022 Q4,688817,624452,64295,417728,14818,138174,128388,-2293,-18206,676743,243324,231317,126.685666667,132.4641689764215,136.7116098090671,102.9011687600254,138.4871462918439,136.4362131047677,129.7399831785402,131.54398072697668,2.8056,3.5083,78.0635,100.8,3.9,0,0,1,300.64184852374837,17.236605364174135,3478.6758809335192,107889,0.002599129563288116,0.00364341793005174,-0.006650207815159348,0.003962567130004757,0.007519087076287789,-0.019004648218921005,-0.004051878180398205,0.0263759424222183,0.023316013707868066,2.830312151968606,0.011391794133707833,0.024605810802199812,-1.0853584591410836,22.02655447441968,1.1884000000000001,1.0734000000000004,0.19999999999999973,-0.4719965607219468,0.5887183202701587,-0.11499999999999977,-8.515648607874423,0.3059928714350235,2.004961493455569,-0.22205870952982168,0.4566158447119051,-8.972264452586328,1.588646102217819,0.8259290774168981,-0.42097542674243216,1.6172,2.2170726250535284,0.09916197402725774,-6.27525327516413,0.003962567130004757,0.02830312151968623,11.321248607874491,9.321248607874491,82.18385428818264,4.408958862917436,-3.017376081458599,0,-0,-3.707013092155023
2023 Q1,689206,625133,64039,415180,14718,138343,132213,-3299,-6068,690523,225830,227182,127.736333333,132.7632816160457,137.6527011130215,103.9387508077664,139.6707971148511,137.8618440412342,130.2231527710671,132.38400314056764,3.8555,3.3715,78.1533,101.9,4,0,0,1,302.0539152759949,13.259533838849512,4203.725241224398,122846,5.64576948763218e-4,0.0010899619752482437,-0.003989594956282261,-0.00611834187810345,-0.006771423490057771,0.12982861758384523,0.0012223481452657836,-0.07461138474511486,-0.01803760580232172,0.8259290774168981,0.006365564104143573,0.0085106896679088,1.0853584591410836,0.468584456970067,1.0499,-0.13680000000000003,0.10000000000000009,-0.2623185125184785,0.1893193669715174,-1.1867,0.5517836903324076,-5.657377894279314,1.588646102217819,-0.12482190045821108,0.45262171630514986,0.09916197402725774,1.1580483798835977,2.576328805120731,-0.22205870952982168,2.8056,2.004961493455569,-6.293435352255067,-8.972264452586328,-0.00611834187810345,0.008259290774169203,3.3037163096676814,1.3037163096676814,82.45508104605038,4.412253672892753,-3.2646796287111397,0,-0,-3.017376081458599
2023 Q2,689491,625262,64183,416034,14171,141823,129892,781,-3828,697963,221725,230165,131.07,131.8659436971732,140.8017373993304,104.4954781484847,143.0737932309968,139.5056151606663,132.3312038080923,133.84360419740034,4.4583,4.0166,80.4253,100.1,4.2,0,0,1,297.5609756097561,8.78444612555257,3220.0897792042238,126845,4.134338495838108e-4,2.0633479893561457e-4,0.0022461053569564626,0.0020548265560673684,-0.03787361166167358,0.0320343302300774,0.024843692587870336,-0.018344628566696386,0.013044984669015491,2.576328805120731,0.010965171463552359,0.024072329307792906,-1.7822253907504582,-1.4986364827666243,0.6028000000000002,0.6451000000000002,0.20000000000000018,-0.411734156792934,-0.2665618534590054,0.042300000000000004,-5.847015220482924,-3.1389613235711877,1.1580483798835977,0.0708732734735408,0.4464201317721423,-6.293435352255067,0.44764279552606273,0.2636332607444558,-0.12482190045821108,3.8555,1.588646102217819,3.666669978176276,0.09916197402725774,0.0020548265560673684,0.02576328805120715,10.305315220482859,8.305315220482859,85.97162943826632,4.454017351575031,0.3037510423799022,0,0,-3.2646796287111397
2023 Q3,687839,624499,63367,410873,14030,143463,128215,-180,-1369,695177,217821,225277,131.416,132.2505170909757,141.3808705094562,104.6005451807921,143.7026077307194,140.714328844415,133.0756428839857,134.6712116627611,5.1602,4.5428,82.199,98.6,4.1,0,0,1,253.1450577663671,7.565366233669355,2032.3143791075297,126666,-0.002398845290812801,-0.0012210336133033906,-0.012795156921370676,-0.012482823378659802,-0.009999728728363522,-0.0014121677540401834,0.011497361004973783,-0.01776425067886045,-0.021465686905759895,0.2636332607444558,0.006164353228801822,0.0043854062285628714,-1.5098424712585157,-16.165648873711636,0.7018999999999993,0.5261999999999993,-0.10000000000000053,-0.14940191424827506,-0.4602340090311101,-0.17569999999999997,4.105666957022176,0.3701436226899446,0.44764279552606273,-0.0347569010456409,0.4389969788459004,3.666669978176276,-0.3435531478548858,0.42648521162380604,0.0708732734735408,4.4583,1.1580483798835977,3.112974181212094,-6.293435352255067,-0.012482823378659802,0.002636332607444508,1.054533042977803,-0.945466957022197,87.71147528127337,4.474052737811271,1.6743778145223092,0,-0,0.3037510423799022
2023 Q4,685628,622496,63185,410194,13703,143740,129771,3982,-2077,700642,212902,227795,131.977666667,132.0368652055298,142.9010949235363,104.5653478889826,144.5163676715369,140.8613862067226,133.2975429931463,134.81549042934205,5.25,4.0958,81.1968,99.4,3.9,0,0,1,235.68677792041078,8.382197725689965,1883.7051338485091,131676,-0.0032195923307849483,-0.003212525667919408,-0.0028762899910628192,-0.001653945791966649,-0.02358310715030676,0.038790658916086684,0.0019289498082510903,-0.022841658646617802,0.011115345574413737,0.42648521162380604,0.0010707673458174582,0.00564683225332363,0.8080852053939047,-7.145896398214457,0.08980000000000032,-0.44700000000000006,-0.19999999999999973,0.10252938088848919,-0.07593457866798661,-0.5368000000000004,3.544059153504776,-3.395700422103154,-0.3435531478548858,-0.24154043312274892,0.4310849722926816,3.112974181212094,-0.0028092592250659933,0.2101681229868646,-0.0347569010456409,5.1602,0.44764279552606273,3.986334982116252,3.666669978176276,-0.001653945791966649,0.004264852116238405,1.7059408464953618,-0.2940591535046382,87.03945344249796,4.466361503704851,0.25335605166004793,0,-0,1.6743778145223092
2024 Q1,691198,627629,63569,411349,13769,143976,131719,-201,-2287,698325,219135,226014,132.255333333,132.7205512389565,143.6612071305764,105.1482189776713,145.1451821712595,142.3299725681459,133.5981818507186,135.6185388067346,5.25,3.8462,82.5725,98.5,4.3,0,0,1,246.98331193838254,6.5152019621936335,1980.8466940742733,129231,0.008091117377482249,0.008212024951578911,0.006058998923368364,0.0028117840720813803,0.004804901498172143,-0.01874285914820284,0.0016405069786049609,0.028856012315548796,-0.007849157437748389,0.2101681229868646,0.005938976984882771,0.004341725630182758,-0.9095565484485313,4.68170600452158,0,-0.2495999999999996,0.3999999999999999,-0.2519719288802393,0.05028372336253151,-0.2495999999999996,4.409327508052542,3.6705169753297184,-0.0028092592250659933,0.15071639119837688,0.4229925259362893,3.986334982116252,0.11832280597467194,1.176868846629997,-0.24154043312274892,5.25,-0.3435531478548858,0.12796721250784238,3.112974181212094,0.0028117840720813803,0.002101681229868735,0.8406724919474939,-1.159327508052506,88.37287778122833,4.481565110137491,1.1077735094372476,0,-0,0.25335605166004793
2024 Q2,695280,631371,63909,411115,13457,145785,131422,3552,6158,711489,221683,237628,133.821,132.1650563367973,145.1452357252738,105.918688679462,147.1795820233031,143.9682405014625,135.6203360712944,137.05947298271164,5.25,4.0792,82.95,99.6,4.2,0,0,1,216.81643132220793,6.339397117995818,1731.8776928353657,141132,0.005888318162064365,0.005944417822030701,0.005334266402163834,-5.690218813558801e-4,-0.022920271702830064,0.08809412200844058,0.012486314604643667,0.011560455231135691,0.05010948140683524,1.176868846629997,0.010568857967553136,0.013918989741674714,1.1105616412509178,-13.026971441785129,0,0.2330000000000001,-0.09999999999999964,-0.027354537536721076,-0.1343181850705621,0.2330000000000001,0.5425246134800119,-3.8549026175699552,0.11832280597467194,0.04235824864459699,0.41455740097216953,0.12796721250784238,-0.12292360278304976,0.20876756408227948,0.15071639119837688,5.25,-0.0028092592250659933,3.847571060567731,3.986334982116252,-5.690218813558801e-4,0.011768688466299547,4.7074753865198184,2.7074753865198184,89.0748086443682,4.489476563236639,1.2237141205386506,0,0,1.1077735094372476
2024 Q3,696853,632780,64073,413915,13712,146708,133574,-1313,-722,705874,223073,231523,134.100666667,132.8914727473132,145.3262148221881,105.7140654676189,147.8823746994637,144.403145070865,135.9531862350352,137.45623937720444,5.0885,3.7822,84.3217,97.4,4.3,0,0,1,201.41206675224646,6.795616787470131,1604.575165142747,131539,0.0022598425142259515,0.0022291650023831266,0.002562861805039063,0.006787658025031007,0.018771945096018428,-0.07039223706285824,0.006311283099186937,0.006250638667770758,-0.026027205020108468,0.20876756408227948,0.0028906663838075275,0.004763704633417021,-2.2335953942063114,-7.369816407476737,-0.1615000000000002,-0.29700000000000015,0.09999999999999964,0.06949414213778071,-0.07634716457187755,-0.13549999999999995,4.253429743670882,3.2277843687879226,-0.12292360278304976,0.13363561819827227,0.4058586831031507,3.847571060567731,-0.31381085971361083,0.8428173834444053,0.04235824864459699,5.25,0.11832280597467194,1.0871460866807967,0.12796721250784238,0.006787658025031007,0.002087675640823081,0.8350702563292324,-1.1649297436707675,90.71754975397448,4.507750830729934,2.370765619224495,0,-0,1.2237141205386506
