date,GDP_mp,GVA_bp,indir_net_tax,C,C_np,G,I_gcf,I_inven,I_acq,dom_DEM,EX,IM,I_tot,invtry_RAT,u_RATE,prod_IDX,wage_IDX,cpi_IDX,dcpi_IDX,cpi_IDX_imf,fcpi_WIDX,IMcpi_IDX,ecpi_IDX,i_FOR,i_UK,i_g5y,er_IDX,Y_star,Y_GAP,u_STAR,u_GAP,cpi_INFL_imf,dcpi_INFL,dcpi_DEV,r_UK,i5y_SPR,IMcpi_INFL,IMcpi_INFL_adj,ecpi_INFL,NX_ratio,dNX,dNX_lag1,i_STAR,i_GAP,r_GAP,i_DIFFL,di_DIFFL,rer,drer,prod_GAP,wage_GAP,IMcpi_GAP,ecpi_GAP,i5y_GAP,zlb,bpu1,bpu2,bpu3,bpu4,bpy,bpp,bpr
1998-04-01,13.017651540198026,12.90846446245494,10.749076811237298,12.481470828998674,9.257414779362112,11.351864295952563,11.21820535016673,2303,718,12.992051938018903,11.61329554911284,11.526266081907302,11.257968697131151,0.005114459062119691,6.3,4.345500648950942,4.484131857611035,4.26689632742025,4.078194546598394,4.371895965755715,4.358772116914384,4.120661870539474,3.8740851660877538,4.708133333333333,7.3279,6.1066,4.608977927330919,12.907825712773024,0.06387496819164264,6.3800813030151975,-0.08008130301519756,2.028849963344026,1.3085239548655814,-0.9414760451344186,8.269376045134418,-1.2212999999999994,-3.665749084401426,0.8940511183844547,-5.195973893071093,0.08702946720553761,-2.6375179968644247,-1.469047397015899,6.742575042126956,0.5853249578730442,1.5268010030074628,2.619766666666667,0.13343333333333351,4.622101776172251,0.6921406938905861,-0.028104552718634244,1.252543090973078,-1.4996287491695877,-1.3975816019595695,-0.2693639276421348,0,FALSE,FALSE,FALSE,FALSE,FALSE,FALSE,FALSE
1998-07-01,13.019233704897863,12.911074283537124,10.7406917860895,12.49743169959187,9.242613932526478,11.361521010810995,11.208422714788103,2199,967,12.99578149518221,11.608662826246826,11.530136501700582,11.250456194989852,0.004875777430405428,6.2,4.34421318045535,4.484131857611035,4.26549281841793,4.083188314778881,4.372829672639608,4.3587362390143705,4.11414718951828,3.8660529943904898,4.594533333333334,7.5,5.8876,4.605549114185733,12.915943295287564,-0.4869011750440643,6.268213525538733,-0.06821352553873297,1.6467085812323923,1.3085239548655814,-0.9414760451344186,8.441476045134419,-1.6124,-3.373813963185057,0.8933022072973088,-4.211148535012654,0.0785263245462442,-0.8503142659293417,-2.6375179968644247,6.582598589313159,0.9174014106868404,1.858877455821259,2.9054666666666664,0.2856999999999994,4.6196425478109715,-0.24592283612792087,-0.7998016097613159,0.9002215848062721,-1.4367546420638366,-0.8374940896093432,-0.7659565917610004,0,FALSE,FALSE,FALSE,FALSE,FALSE,FALSE,FALSE
1998-10-01,13.025713700874697,12.918755260830801,10.735679026718607,12.4964897244397,9.23151460720759,11.360857614547074,11.228876783750868,-3081,829,13.003435686880453,11.600927184741854,11.527577596302542,11.19850234999397,-0.006787285460317181,6.1,4.356849120279986,4.484131857611035,4.2710950739666,4.089395659353214,4.37841367970388,4.360965504335962,4.120661870539474,3.8687375597611586,4.325666666666667,6.8555,4.8697,4.575360252215663,12.92403873011658,-0.528346928577796,6.1585512647679606,-0.05855126476796077,1.6846444269549288,1.3085239548654926,-0.9414760451345074,7.796976045134508,-1.9858000000000002,-2.4058899007693313,0.9006202011183717,-1.8592833076616078,0.07334958843931183,-0.5176736106932367,-0.8503142659293417,6.42342200395476,0.4320779960452402,1.3735540411797476,2.5298333333333334,-0.37563333333333304,4.592808427583581,-2.6834120227390734,-0.17911096057944353,0.5451124114785096,-0.6952392410341901,1.0923345832238265,-1.2447573915406136,0,FALSE,FALSE,FALSE,FALSE,FALSE,FALSE,FALSE
1999-01-01,13.032534945329239,12.924302606457582,10.754748976189765,12.506765953542383,9.224834818126634,11.359331296928223,11.229527535790833,1452,803,13.017180623723684,11.605696059118646,11.560676994707515,11.259026270486016,0.003176937012628981,6.2,4.356625608665552,4.484131857611035,4.2710950739666,4.09104112266143,4.380731177844242,4.364238356593662,4.11414718951828,3.8687375597611586,4.1462666666666665,5.6944,4.5427,4.57627676233311,12.932106460301927,-0.780385384434618,6.051357265474215,0.14864273452578486,1.9635974516859278,1.4098924379502442,-0.8401075620497558,6.534507562049756,-1.1517,-2.1019367224075935,0.8990162534271149,-0.8010723746078696,0.04501906441113057,-2.833052402818126,-0.5176736106932367,6.2662015097104735,-0.5718015097104734,0.2683060523392824,1.5481333333333334,-0.9817,4.5927695835836895,-0.0038843999891291503,-0.8437864853232526,0.18486767920287756,-0.6123495893363001,1.7335210766018099,-0.5153574957141076,0,FALSE,FALSE,FALSE,FALSE,FALSE,FALSE,FALSE
1999-04-01,13.036173481088856,12.927539997467406,10.76223391374564,12.526005282528107,9.262743050769231,11.39324062202425,11.229315091888502,312,516,13.023243349335957,11.610451370059467,11.575111220524203,11.240250224624969,6.801682980532363e-4,6,4.357313868556675,4.484131857611035,4.280824129164719,4.0922934709778955,4.39040644336766,4.368383178159294,4.1059436980654525,3.8660529943904898,3.9027333333333334,5.2008,5.0483,4.595711594211443,12.940137626717165,-1.259762924976,5.946857677888345,0.05314232211165518,1.8510477611945575,1.4098924379501554,-0.8401075620498446,6.040907562049845,-0.15249999999999986,-1.4718172474021962,0.8934293664635351,-0.8032171697264001,0.035340149535263876,-0.9678914875866695,-2.833052402818126,6.112363378986538,-0.9115633789865379,-0.07145581693669334,1.2980666666666667,-0.25006666666666666,4.6177348594198095,2.496527583612007,-1.416061849399869,-0.1832011990646979,-0.19482119974921774,1.3209920711869243,0.38122990035509285,0,FALSE,FALSE,FALSE,FALSE,FALSE,FALSE,FALSE
1999-07-01,13.052771040559632,12.945289626757097,10.768337610741888,12.53656633189621,9.263691547473178,11.404304082906213,11.239921802297182,-251,665,13.03363051951636,11.668962935117186,11.606925696257418,11.245346628222164,-5.381796662428412e-4,5.9,4.370319840899018,4.484131857611035,4.278054044290903,4.0972872391583826,4.389029980658938,4.371395050511217,4.110873864173311,3.8687375597611586,3.9690000000000003,5.0654,5.8413,4.591793110546414,12.948118492827195,-0.2828866070098937,5.845371553950295,0.05462844604970582,1.620030801932959,1.4098924379501554,-0.8401075620498446,5.905507562049845,0.7759,-0.3273325344968825,0.8952654802176238,0.26845653706688566,0.06203723885976764,2.6697089324503764,-0.9678914875866695,5.962976508245626,-0.8975765082456261,-0.05746894619578147,1.0964,-0.20166666666666666,4.609428040694135,-0.8306818725674958,-0.7541715515596613,-0.5618983526678011,0.7490548939999953,1.9894664609276456,1.2108136997383931,0,FALSE,FALSE,FALSE,FALSE,FALSE,FALSE,FALSE
1999-10-01,13.068734726614625,12.9617179858554,10.780080657551737,12.544867183520955,9.27837278236801,11.40534025429029,11.232735258276742,5435,1052,13.050652529850328,11.685373437965884,11.627405273195235,11.3150962841344,0.01146885788323078,5.8,4.384342524844929,4.484131857611035,4.283586561860629,4.103494583732716,4.393610840707904,4.376971672813068,4.11251186617755,3.8767482835072373,4.197333333333334,5.4048,6.1127,4.610530792230187,12.95602744857864,0.5690537276760378,5.747251159551315,0.05274884044868533,1.5197161004024018,1.4098924379501554,-0.8401075620498446,6.244907562049844,0.7079000000000004,-0.8150004361924701,0.891982301280383,0.8010723746078696,0.057968164770649366,-0.4069074089118274,2.6697089324503764,5.818540066838541,-0.4137400668385416,0.426367495211303,1.207466666666666,0.11106666666666598,4.6271699601250225,1.7741919430887876,0.013840768771310706,-0.953913410200605,0.07639262767700217,2.1257869184797626,1.0492645368194609,0,FALSE,FALSE,FALSE,FALSE,FALSE,FALSE,FALSE
2000-01-01,13.081982952044727,12.973315655312973,10.807928350453047,12.55769384076622,9.278839788400875,11.399599979658106,11.273423847043201,3874,509,13.061761630326265,11.70414894844823,11.637759141891555,11.327619459135313,0.008067270288955711,5.8,4.410059453651897,4.484131857611035,4.278054044290903,4.101091458514931,4.391781014030827,4.385657610822872,4.123903364463645,3.879404327565354,4.572333333333334,5.8672,6.2041,4.626965923758546,12.963841115876823,0.9474539436149639,5.652882903361445,0.14711709663855488,1.1049836186584727,1.0050335853501124,-1.2449664146498876,7.112166414649888,0.3369,0.9756174945365181,0.8912759316614425,1.0666767804195398,0.06638980655667481,0.8421641786025447,-0.4069074089118274,5.678992238798439,0.18820776120156146,1.4331741758514491,1.2948666666666666,0.08740000000000059,4.633089326966501,0.5919366841478535,1.9582562399010974,-1.3615848137868598,1.700794077265022,2.0004755086480883,0.590696287419644,0,FALSE,FALSE,FALSE,FALSE,FALSE,FALSE,FALSE
2000-04-01,13.089162270015434,12.9815529855981,10.80594301695381,12.568588498101908,9.295049099903137,11.429130727226962,11.330359878403431,-3292,366,13.06895627154326,11.736013014716379,11.669057038673943,11.294607750551283,-0.00680626540300038,5.5,4.406024529864684,4.484131857611035,4.286341384539473,4.102343806831397,4.400896847438837,4.38994774662327,4.127134385045092,3.8606621457556134,5.115666666666667,6,5.8512,4.614945253958865,12.971539673212876,1.0013312385224495,5.562686162076004,-0.06268616207600469,1.0490404071176407,1.0050335853501124,-1.2449664146498876,7.2449664146498876,-0.1487999999999996,2.1190686979639217,0.8942975827296517,-0.5390848634876377,0.0669559760424363,0.056616948576149184,0.8421641786025447,5.5440126206166935,0.4559873793833061,1.7009537940331936,0.8843333333333332,-0.4105333333333334,4.625894354774432,-0.7194972192069216,0.9369842683842672,-1.7866548096689319,2.6999225666033357,0.006324623900838544,0.0234670370247686,0,FALSE,FALSE,FALSE,FALSE,FALSE,FALSE,FALSE
2000-07-01,13.095232645013944,12.98835644315638,10.80555764877031,12.58071421862603,9.308555419473137,11.437425755568581,11.261562464081122,5022,541,13.078963061869274,11.741239625614655,11.689329548000146,11.330647907208302,0.010320231311277657,5.3,4.412040098188682,4.492001487882454,4.286341384539473,4.107337575011884,4.400896847438837,4.395182036170707,4.147885329150131,3.8660529943904898,5.382333333333333,6,5.7308,4.598519116581458,12.979109220665068,0.9247222491313035,5.477172260575708,-0.17717226057570867,1.18668667798989,1.0050335853501124,-1.2449664146498876,7.2449664146498876,-0.26919999999999966,3.7011464976819397,0.9020045853878436,-0.26845653706688566,0.05191007761450983,-1.5045898427926474,0.056616948576149184,5.413398438635435,0.586601561364565,1.8315679760144525,0.6176666666666666,-0.2666666666666666,4.604233927849587,-2.16604269248446,0.931554566688602,-1.4430516264387314,4.16162430655132,-0.11301300245031842,-0.17273431405897405,0,FALSE,FALSE,FALSE,FALSE,FALSE,FALSE,FALSE
2000-10-01,13.101151998283097,12.995438683830661,10.801166148198302,12.589036488291825,9.308283446306147,11.434639546571685,11.295937926467355,-2600,264,13.087960320685667,11.763614141954067,11.722456788864577,11.266487697852936,-0.005311477285263102,5.2,4.410967351342934,4.502029427068578,4.293195420967266,4.113544919586218,4.407228845076344,4.4024516435561845,4.146304301152812,3.879404327565354,5.563999999999999,6,5.4054,4.606546238793016,12.986542116631915,0.8896567198747336,5.396813344889975,-0.19681334488997476,1.3618004368439962,1.0050335853502013,-1.2449664146497987,7.244966414649799,-0.5945999999999998,3.3792434975262076,0.9000895869090865,0.2656044058116702,0.0411573530894902,-1.075272452501963,-1.5045898427926474,5.287231911308907,0.7127680886910931,1.957734503340892,0.43600000000000083,-0.18166666666666575,4.611323440313176,0.7089512463588576,0.2287960334791282,-0.9016819962452205,3.74365733660762,0.025398036099430477,-0.5685335324235347,0,FALSE,FALSE,FALSE,FALSE,FALSE,FALSE,FALSE
2001-01-01,13.10943010199243,13.003259970441276,10.813498608452974,12.59186211827834,9.308917935337176,11.467635169110421,11.297948476322413,-2886,348,13.09215362333961,11.801264821363585,11.743584702626102,11.265975783024382,-0.005847135693663577,5.1,4.4219388265394635,4.51085950651685,4.28771595520264,4.118237617349902,4.4040678580234784,4.408930626120111,4.147885329150131,3.8660529943904898,5.117333333333333,5.8555,5.0395,4.586350195745948,12.993836499025987,0.9423471415288993,5.3219708283853615,-0.2219708283853622,1.2286843992651342,1.7146158834970393,-0.5353841165029607,6.390884116502961,-0.8159999999999998,2.398196468648539,0.9043978658667379,-1.3351333174864255,0.057680118737483355,1.6522765647993154,-1.075272452501963,5.1659618830672,0.6895381169328002,1.2249222334357608,0.7381666666666673,0.3021666666666665,4.581487427649315,-2.98360126638606,0.7420897951149739,-0.49703547355548805,2.688622848395525,-1.9807101495829205,-0.8551484257145775,0,FALSE,FALSE,FALSE,FALSE,FALSE,FALSE,FALSE
2001-04-01,13.113528464241492,13.00719716487778,10.819017995463874,12.599390945627738,9.329544619454659,11.449389108164857,11.33715440673783,5252,1026,13.109026839818934,11.758636445442079,11.750389980011379,11.40933005725907,0.010597213086307157,5,4.419343781206745,4.516338972281476,4.301358731606427,4.119489965666367,4.41843721168624,4.418075741665294,4.141546163706395,3.8820533357369307,4.565666666666666,5.3648,5.1873,4.5974131780427125,13.000996066114356,0.620109876342497,5.252883116087872,-0.25288311608787223,1.754036424740324,1.7146158834970393,-0.5353841165029607,5.9001841165029605,-0.1775000000000002,1.4411778661303387,0.9008427137866263,2.1391189981317282,0.008246465430699956,-4.94336533067834,1.6522765647993154,5.050482678395845,0.3143173216041545,0.8497014381071152,0.7991333333333337,0.06096666666666639,4.59777464806366,1.6287220414344716,-0.08965399792079318,-0.44269659091232755,1.6751179316324873,1.0743986653244608,-0.2765414681199993,0,FALSE,FALSE,FALSE,FALSE,FALSE,FALSE,FALSE
2001-07-01,13.118230850264304,13.010962432810647,10.831983496848645,12.614290627667875,9.344521553442203,11.476313346473496,11.335185397109868,3143,1095,13.115262223788102,11.733224975832703,11.733337288511319,11.384569229518085,0.006312030815081395,5.1,4.424842308913957,4.526126978647638,4.301358731606427,4.124483733846855,4.41843721168624,4.416997929147468,4.128745988939433,3.8846953451997694,4.124,5.0547,5.1492000000000004,4.597736625410016,13.008030405833725,0.2932026976921608,5.189649881255765,-0.08964988125576556,1.754036424740324,1.7146158834971281,-0.5353841165028719,5.590084116502872,0.09450000000000003,-1.9139340210697853,0.8979953236384524,1.8642350809279673,-1.1231267861511185e-4,-0.8358778109315068,-4.94336533067834,4.942119583103466,0.11258041689653497,0.6479645333994069,0.9307000000000007,0.13156666666666705,4.599175907948788,0.140125988512807,-0.1009053871966212,0.02925158940981446,-1.7252348793670602,0.36378367265577083,-0.058440666061622404,0,FALSE,FALSE,FALSE,FALSE,FALSE,FALSE,FALSE
2001-10-01,13.120918333831595,13.012970297432885,10.840697934662787,12.621669586170896,9.34940642009918,11.494700392679555,11.300598206089868,1167,617,13.114456197895215,11.736988593343822,11.723769688697384,11.322418498932285,0.002337375169745112,5.2,4.428295550270918,4.533674184283021,4.302712827954156,4.130691078421188,4.420663888179614,4.418509858005504,4.119037174812473,3.8767482835072373,3.2656666666666667,4.2305,4.7534,4.601476372250268,13.014952981807529,-0.1982684374644112,5.132212745199747,0.06778725480025283,1.3435043103269706,1.7146158834970393,-0.5353841165029607,4.765884116502961,0.5228999999999999,-2.726712634033923,0.8951555634736711,-0.2656044058116702,0.013218904646437935,1.3331217325053046,-0.8358778109315068,4.842394331324667,-0.6118943313246666,-0.07651021482170595,0.9648333333333334,0.03413333333333268,4.603630402424378,0.44544944755902094,-0.3059736764680172,0.26615312875621044,-2.579311729036668,-2.221860499896394,0.3228988124563015,0,FALSE,FALSE,FALSE,FALSE,FALSE,FALSE,FALSE
2002-01-01,13.123950117865585,13.014965231632006,10.853019618190086,12.622972131264001,9.344084242025778,11.492681940493169,11.29748963272422,-331,893,13.122011315437787,11.756279403572467,11.758699015344412,11.30443650862202,-6.609504107477326e-4,5.2,4.432572131729266,4.540098189244376,4.302712827954156,4.139461253801528,4.421553172364497,4.423761893638826,4.115779842942166,3.892579748723918,2.9986,4,5.0511,4.60696257869213,13.021779090176059,-0.681385854405215,5.080457298054741,0.11954270194525912,1.7485314341018743,2.1223636451626504,-0.12763635483734959,4.12763635483735,1.0511,-3.210548620796505,0.8933825210515589,2.6526754333428215,-0.0024196117719448296,-1.5638516418382764,1.3331217325053046,4.7528990199546195,-0.7528990199546198,-0.6252626651172702,1.0013999999999998,0.036566666666666414,4.604753857417801,0.11234549934231453,-0.418356519441877,0.3820279451352993,-3.106727696962613,0.21682764270915533,0.8117583248458154,0,FALSE,FALSE,FALSE,FALSE,FALSE,FALSE,FALSE
2002-04-01,13.129205913765995,13.019411070793083,10.865439749778165,12.627292985582844,9.353227859524731,11.507701845595003,11.29361206923637,3821,1155,13.130254163107065,11.785224827882415,11.796418776800556,11.35373041701733,0.007589887830158134,5.2,4.441593384496275,4.544358046591334,4.310799125385514,4.1407136021179936,4.431283457007074,4.43064320542919,4.119037174812473,3.89780169270507,2.960066666666667,4,5.2047,4.597416201399657,13.028522787901872,-0.9111717108789031,5.034311496989918,0.16568850301008214,1.284624532083356,2.1223636451626504,-0.12763635483734959,4.12763635483735,1.2046999999999999,-2.25089888939225,0.8959461128532273,1.5748356968139365,-0.011193948918140961,-0.8774337146196132,-1.5638516418382764,4.674843311931431,-0.6748433119314307,-0.5472069570940811,1.039933333333333,0.038533333333333086,4.59805645297754,-0.6697404440261678,-0.04608986071354257,0.2748749111381311,-2.197552052900828,-1.3667155386815288,0.9344174167611657,0,FALSE,FALSE,FALSE,FALSE,FALSE,FALSE,FALSE
2002-07-01,13.1350545033004,13.026781560710043,10.857902242501392,12.637114528087919,9.373564053078196,11.522440057338814,11.342338784394622,-3108,1076,13.13414371593986,11.778338922075076,11.783555473854753,11.317944110029483,-0.006137610439467126,5.3,4.441723784043794,4.546481189639412,4.312140507209715,4.1457073702984815,4.432163351476513,4.4310258224924,4.11414718951828,3.9004024744051273,2.9434000000000005,4,4.6291,4.610091058610143,13.03519387328594,-0.8412312575895919,4.993778013363171,0.30622198663682876,1.3726139790272818,2.1223636451626504,-0.12763635483734959,4.12763635483735,0.6291000000000002,-1.459879942115272,0.8924221099352035,1.5707129205357884,-0.005216551779676948,0.5977397138464013,-0.8774337146196132,4.608966308305711,-0.6089663083057112,-0.4813299534683616,1.0565999999999995,0.016666666666666607,4.611228587594256,1.3172134616715958,-0.5526337455961602,-0.05070784252149554,-1.4665719560560175,-1.9051137629874315,0.3364482849035802,0,FALSE,FALSE,FALSE,FALSE,FALSE,FALSE,FALSE
2002-10-01,13.141632529094364,13.033610849126523,10.862205390050178,12.645993929259499,9.382443228575806,11.5218852063417,11.387872315966666,1371,1062,13.150101105019832,11.736748785189196,11.781929177899908,11.415070048798176,0.002689669784669471,5.1,4.447019161097353,4.547541073151455,4.31748811353631,4.151914714872815,4.436988980494337,4.4363167820433915,4.11251186617755,3.902996509582174,2.7434,4,4.3847,4.615105665245826,13.041796449806036,-0.8185600679511758,4.958963073846767,0.1410369261532332,1.6325092314723122,2.1223636451626504,-0.12763635483734959,4.12763635483735,0.3846999999999996,-0.6525308634922844,0.8910980949248741,2.624822607493682,-0.04518039271071217,-3.996384093103522,0.5977397138464013,4.555585333058128,-0.5555853330581284,-0.4279489782207788,1.2566000000000002,0.20000000000000062,4.615777863696771,0.45492761025149875,-0.5322838878718777,-0.4856918372161632,-0.7301236778324338,-1.4154575848646545,0.07783911508879165,0,FALSE,FALSE,FALSE,FALSE,FALSE,FALSE,FALSE
2003-01-01,13.150038853902696,13.04073457922066,10.882095590475144,12.652532533230392,9.382695764458287,11.524863917209606,11.393623776744557,-4730,869,13.147549526721997,11.792978510257518,11.791866949534658,11.349146918959148,-0.009201779659203433,5.2,4.454947841078552,4.554928969551344,4.31748811353631,4.163753946370573,4.4365512479419325,4.445952735346998,4.128745988939433,3.9107384837357895,2.4800666666666666,3.8492,3.9943,4.588943238323217,13.048329363244575,-0.7594784023915238,4.930164293854623,0.2698357061453771,1.4998075577435266,2.429269256904476,0.17926925690447604,3.669930743095524,0.14509999999999978,1.2966145997267198,0.8997160728551661,1.8158735011871485,0.0011115607228600055,4.6291953433572175,-3.996384093103522,4.51463710622666,-0.6654371062266601,-0.8447063631311361,1.3691333333333335,0.11253333333333337,4.5795417509181515,-3.6236112778619045,-0.23774113562490418,-0.2892351358136557,1.136878455614923,-2.819453622353252,-0.16843218704549884,0,FALSE,FALSE,FALSE,FALSE,FALSE,FALSE,FALSE
2003-04-01,13.15927758646711,13.050199053603315,10.889267032929894,12.664803601262932,9.394410399304254,11.547239931384885,11.331295668854674,1208,1118,13.159817145814385,11.770346763856235,11.783624132381595,11.358806451308258,0.00232844129359563,4.9,4.461478350630196,4.562262684976814,4.324132656254979,4.165006294687038,4.444835576986717,4.4482999939555095,4.123903364463645,3.9081644797406163,2.2784,3.75,3.9011,4.562455776980536,13.05478634338355,-0.4587289780234741,4.907767436879497,-0.007767436879496659,1.3552119979643784,2.429269256904476,0.17926925690447604,3.570730743095524,0.1511,0.4866189651172803,0.9038779916005832,1.0362787035546273,-0.01327736852535999,-1.4388929248219995,4.6291953433572175,4.48571110701614,-0.7357111070161404,-0.9149803639206164,1.4716,0.10246666666666648,4.558991360011745,-2.055039090640687,-0.07135353738902013,-0.09753887239784287,0.23357270975522537,-4.224219474063807,-0.16223636530854207,0,FALSE,FALSE,FALSE,FALSE,FALSE,FALSE,FALSE
2003-07-01,13.16965336925871,13.060228365522873,10.902758212686457,12.672200021804963,9.415238482949043,11.560257423617436,11.345500402412362,1967,1022,13.172524030595945,11.772848290009957,11.795966785772414,11.380228010237108,0.003752291530351212,5,4.470274661479514,4.56746831880408,4.3254562831854875,4.170000062867526,4.4452696989818135,4.449398386333447,4.127134385045092,3.918420979907806,2.041733333333333,3.5269,4.2859,4.559917557355081,13.061156373264936,-0.09280077420627167,4.892326913730497,0.10767308626950245,1.3106347505300597,2.429269256904476,0.17926925690447604,3.347630743095524,0.7589999999999999,1.298719552681149,0.905089693647659,1.8018505502678472,-0.02311849576245706,-0.9841127237097069,-1.4388929248219995,4.4679809164399735,-0.9410809164399736,-1.1203501733444496,1.4851666666666667,0.013566666666666727,4.555788870003447,-0.32024900082978647,0.3342239549543454,-0.11579408524482965,0.940561603449111,-4.111711346359648,0.4521611066073128,0,FALSE,FALSE,FALSE,FALSE,FALSE,FALSE,FALSE
2003-10-01,13.1774574397139,13.068371708835432,10.90749607849526,12.67772803486881,9.429074214801693,11.57727959410864,11.347154193513889,1142,1492,13.182344027209407,11.795974320630553,11.825405022561844,11.377769896943771,0.0021615687462144153,4.9,4.4832860495403395,4.572646994282532,4.330733340286331,4.17620740744186,4.450032643686367,4.4560940920512095,4.119037174812473,3.9285733513718237,2.026733333333333,3.6484,4.8131,4.577816460776226,13.067425568874595,0.09461399608363431,4.8843922805686795,0.015607719431320888,1.3043663192029875,2.429269256904476,0.17926925690447604,3.469130743095524,1.1647000000000003,0.6525308634922844,0.8997820707984518,2.5576841789649585,-0.02943070193129138,-0.6312206168834322,-0.9841127237097069,4.460160296069714,-0.8117602960697134,-0.9910295529741895,1.621666666666667,0.1365000000000003,4.5717550124113835,1.59661424079367,1.1749114041448987,-0.1316284635178417,0.1766788536858077,-4.031962506466378,0.8701961527380502,0,FALSE,FALSE,FALSE,FALSE,FALSE,FALSE,FALSE
2004-01-01,13.180624738330014,13.0701517667566,10.923164853116095,12.682772554566789,9.440499258184298,11.580256957130514,11.376051348808195,-1448,1018,13.184947489928993,11.804684216462558,11.831459192888934,11.371108412301787,-0.002732096091291255,4.8,4.474919857661665,4.575741375297279,4.3294166844015844,4.191125143166705,4.450032643686367,4.4633681342697304,4.109233174715851,3.9436112287363643,2.0167333333333333,3.9063,4.6369,4.621212812154803,13.073579466193555,-0.3427699436954479,4.884580389234001,-0.08458038923400135,1.3481395744434188,2.737119679613187,0.4871196796131869,3.419180320386813,0.7305999999999999,-1.9512814223581643,0.8892109802664069,3.28727450005748,-0.02677497642637583,0.26557255049155515,-0.6312206168834322,4.460374831904113,-0.5540748319041132,-1.0411945115173,1.8895666666666666,0.2678999999999996,4.607877321571438,3.6122309160054655,-0.10777332353360987,-0.34844326150493354,-2.5587784945303866,-3.9940366292447793,0.45352209642801,0,FALSE,FALSE,FALSE,FALSE,FALSE,FALSE,FALSE
2004-04-01,13.185418924479226,13.073715003182228,10.938929272881317,12.69206342159086,9.425935505533063,11.59053444429721,11.368939614441848,-1401,-32,13.192747280957418,11.819615731592682,11.856947699918951,11.35225189058042,-0.002630773477446892,4.8,4.4821093378910515,4.583946549536464,4.33729074083249,4.19237749148317,4.458206490012533,4.475001269122074,4.109233174715851,3.970606733078376,2.0467333333333335,4.2213,5.0432,4.628180408543908,13.079604192540312,-0.5889189358085269,4.893517846391086,-0.09351784639108629,1.3370913025815945,2.737119679613187,0.4871196796131869,3.7341803203868134,0.8218999999999994,-1.4670189747794105,0.8878722979618409,6.244225333775955,-0.03733196832626895,-1.055699189989312,0.26557255049155515,4.466242759756897,-0.2449427597568961,-0.732062439370083,2.1745666666666668,0.28500000000000014,4.611385629434367,0.35083078629289943,0.1795442384318769,-0.04431508540128897,-2.221591170479123,-1.7343685031700529,0.566048388426072,0,TRUE,FALSE,FALSE,FALSE,FALSE,FALSE,FALSE
2004-07-01,13.188987846439074,13.076260798440147,10.951508055088178,12.697663460760396,9.444621667700849,11.596006628780161,11.385376144023253,907,799,13.19988722309922,11.833384456935946,11.883088040487083,11.404571584774748,0.0016970812821477154,4.7,4.482346603665838,4.591071261608589,4.338597076746545,4.197371259663658,4.458634847269029,4.476656237531912,4.110873864173311,3.9850300600394806,2.211733333333334,4.6538,5.0059,4.625987984098478,13.085483732921222,-0.9222934481074646,4.9117783959612815,-0.21177839596128178,1.336514828721569,2.737119679613187,0.4871196796131869,4.1666803203868135,0.3520999999999992,-1.6260520871780315,0.8886477609332674,6.660908013167477,-0.04970358355113724,-1.2371615224868293,-1.055699189989312,4.475036018671848,0.1787639813281519,-0.308355698285035,2.4420666666666664,0.2674999999999996,4.607966593835596,-0.3419035598771103,-0.21380794614055207,0.1642629276724138,-2.5430092903783894,-2.0081291310077742,0.1197010281708634,0,TRUE,FALSE,FALSE,FALSE,FALSE,FALSE,FALSE
2004-10-01,13.19354106045139,13.082216155174038,10.94367592106652,12.704378219541736,9.447465720810811,11.605258490171767,11.391604929733672,1588,445,13.201211525722007,11.865158558481456,11.90015871148359,11.414297788353586,0.0029577973722540725,4.7,4.476206833745531,4.596129441335942,4.345103280569283,4.2035786042379915,4.465038284304236,4.48314966374613,4.123903364463645,4.029378050493789,2.4462,4.75,4.604,4.6081208285576185,13.091198391599285,-0.8982236425246698,4.93987733321195,-0.23987733321194915,1.5005640617869354,2.737119679613187,0.4871196796131869,4.262880320386813,-0.1459999999999999,0.4866189651172803,0.8949208403796266,10.080469912196532,-0.03500015300213377,1.4703430549003471,-1.2371615224868293,4.48387345846789,0.2661265415321093,-0.22099313808107762,2.3038,-0.13826666666666654,4.590009449115725,-1.7957144719870755,-1.2303075963651136,0.18134385890253724,-0.6065244578865967,0.7413705057088049,-0.35464776514177315,0,TRUE,FALSE,FALSE,FALSE,FALSE,FALSE,FALSE
2005-01-01,13.201226312496717,13.09072202816634,10.943940927030706,12.714049214591416,9.439625028047155,11.601183564478271,11.41918605086728,1149,942,13.212849211471369,11.845568952706529,11.8984667384369,11.441891225594631,0.0021237348159429824,4.7,4.483818764704669,4.600157644164547,4.3476939555933765,4.220553953857517,4.467588221937509,4.487796148309804,4.12552017969055,4.071842531011548,2.6362,4.75,4.6183,4.61195610944051,13.096722708503453,-0.6000680337113744,4.978197591912946,-0.2781975919129459,1.7555578251142734,2.942881069081249,0.692881069081249,4.057118930918751,-0.13170000000000037,1.6287004974699038,0.8945271988269267,12.823130227518353,-0.05289778573037118,-1.7897632728237411,1.4703430549003471,4.4899856564522915,0.2600143435477084,-0.4328667255335406,2.1138,-0.18999999999999995,4.5917481830682165,0.17387339524912448,-0.8569430198864404,0.11314068751907928,0.34866769483632293,2.8491463288437213,-0.3183005854586002,0,TRUE,FALSE,FALSE,FALSE,FALSE,FALSE,FALSE
2005-04-01,13.209513078160118,13.100080957963561,10.94243829714617,12.716969266775784,9.436997742590188,11.617591739698579,11.456788881824606,5056,493,13.217100665865013,11.902620205286008,11.935745763398094,11.513825060213065,0.009268051252910013,4.8,4.494186198105759,4.605170185988092,4.356708826689592,4.221806302173983,4.47730318746899,4.497517576687921,4.122283930911342,4.087043692343598,2.8262,4.75,4.3861,4.620886042428094,13.102025609664915,-0.19446517013543307,5.026972182500906,-0.22697218250090634,1.9096697456456369,2.942881069081249,0.692881069081249,4.057118930918751,-0.3639000000000001,1.3050756195490898,0.8920981588944885,11.643695926522213,-0.033125558112086395,1.9772227618284788,-1.7897632728237411,4.490769519020772,0.25923048097922785,-0.4336505881020212,1.9238,-0.18999999999999995,4.600671653209163,0.8923470140946854,-0.1924270833045857,0.1635290976068418,-0.16907259227750532,1.0843386744290973,-0.5319383718731516,0,TRUE,FALSE,FALSE,FALSE,FALSE,FALSE,FALSE
2005-07-01,13.218676690266044,13.11007822297069,10.94397625585373,12.724568775600384,9.427385364828522,11.621196740254016,11.469819614435123,-1552,522,13.226211550047742,11.912352379826059,11.945227227031953,11.459007676978688,-0.0028189889420072944,4.7,4.4971255917677775,4.611152257665639,4.361823927356363,4.22680007035447,4.482334644624356,4.503160064180787,4.151039905898646,4.102017234133761,3.0212,4.5923,4.2121,4.602378292277297,13.107072270689647,0.30059522810438855,5.086260241917492,-0.386260241917491,2.3699797355327235,2.94288106908116,0.6928810690811602,3.8994189309188396,-0.3801999999999994,4.0166041725334445,0.9019336617470171,11.698717409428072,-0.0328748472058944,0.025071090619199765,1.9772227618284788,4.483784461533767,0.10851553846623341,-0.5843655306149268,1.5711,-0.3527,4.581552872720866,-1.9118780488297737,-0.2536714381853791,0.3334015568581556,2.3443737349041194,0.6160505948722861,-0.5347431256130728,0,TRUE,FALSE,FALSE,FALSE,FALSE,FALSE,FALSE
2005-10-01,13.229082769371397,13.121302815207008,10.946816139580935,12.727333631017693,9.465370112152714,11.625459191524092,11.472405508165323,-5759,668,13.235050785708609,11.94549977555701,11.970805904413654,11.41793323461462,-0.010352123182895898,5.1,4.5085560993255305,4.613138355637268,4.366912996863833,4.233007414928804,4.487340912902501,4.509515686438233,4.154184562578117,4.1597652358688615,3.252866666666667,4.5,4.3003,4.600408868886381,13.11182665177631,0.9476163430698504,5.155979049490321,-0.05597904949032062,2.2302628598264818,2.942881069081249,0.692881069081249,3.807118930918751,-0.1997,3.028119811447194,0.9030033375237185,13.038718537507243,-0.025306128856643184,0.7568718349251213,0.025071090619199765,4.4667519184023075,0.0332480815976921,-0.6596329874835569,1.2471333333333332,-0.32396666666666674,4.57823409535065,-0.33187773702154644,0.5528021124156244,0.12847888538125746,1.1572052147291962,1.5066808919603325,-0.3470643864235706,0,TRUE,FALSE,FALSE,FALSE,FALSE,FALSE,FALSE
2006-01-01,13.232676807108,13.126295635931934,10.937472427226925,12.722956878800085,9.441134582220915,11.634018571846916,11.479275605755273,-1927,1472,13.238983069972804,12.054610016322203,12.074356746756065,11.474558787025037,-0.0034514627969207293,5.2,4.510915723095954,4.618086411254637,4.365643155423357,4.252044620948888,4.488588573700656,4.513963312681693,4.1666652238017265,4.200987951692816,3.592866666666667,4.5,4.2546,4.592872883149538,13.116254591843742,1.0041044088191822,5.235804471895795,-0.035804471895795054,2.100035176314652,3.1490667091370383,0.8990667091370383,3.6009332908629617,-0.24540000000000006,4.114504411117625,0.9072023828677048,12.914542068126789,-0.019746730433862325,0.5559398422780859,0.7568718349251213,4.437461146249007,0.062538853750993,-0.8365278553860453,0.9071333333333329,-0.3400000000000003,4.567498144168501,-1.0735951182149428,0.4725151783044985,0.24661701846898781,2.0462033717644665,1.0185622319542453,-0.3928174795963413,0,TRUE,FALSE,FALSE,FALSE,FALSE,FALSE,FALSE
2006-04-01,13.23532592426226,13.128144633691187,10.947608455915049,12.724369291578542,9.413526083949446,11.628323436398608,11.469944892395763,-2257,1298,13.238265534205444,12.085457478172197,12.092702359357867,11.45988327373268,-0.004031833081753142,5.5,4.514068918589329,4.6210435351443815,4.379523504455763,4.253296969265354,4.501390730791238,4.525977322450443,4.168214410788556,4.308461617690338,3.909,4.5,4.6779,4.6071631986183545,13.120327852412927,0.7816781278260475,5.325377388904391,0.1746226110956095,2.4087543322248273,3.149066709137127,0.8990667091371272,3.600933290862873,0.17790000000000017,4.593047987721377,0.9047247147742812,22.141792534674032,-0.007244881185670238,1.2501849248192087,0.5559398422780859,4.393722181747441,0.10627781825255922,-0.7927888908845679,0.5910000000000002,-0.3161333333333327,4.582576606959148,1.5078462790647507,0.4932891873017826,0.1945095196086849,2.329834618666822,9.977847381578009,0.02249918481841695,0,TRUE,FALSE,FALSE,FALSE,FALSE,FALSE,FALSE
2006-07-01,13.23689669399449,13.128806575351188,10.95759050121828,12.732645626263803,9.420033875565988,11.63885302156802,11.48803833346228,5685,1315,13.242410514713779,11.95405368340929,11.977778351888396,11.557344183516854,0.010139563918491105,5.5,4.51331047619314,4.620058798481842,4.385769620952716,4.258290737445841,4.5075269742221336,4.527770593732396,4.1666652238017265,4.3606180972847,4.185866666666667,4.6602,4.7633,4.627959525087377,13.124024470657401,0.47821046937863293,5.4243163024916665,0.07568369750833304,2.5192329597777174,3.149066709137127,0.8990667091371272,3.7611332908628725,0.10310000000000041,1.5625317903080749,0.9003244737156726,25.860086315093866,-0.02372466847910637,-1.6479787293436132,1.2501849248192087,4.333384148354798,0.3268158516452013,-0.5722508574919258,0.47433333333333305,-0.11666666666666714,4.607715905577115,2.5139298617967043,0.14568373296163906,-0.22110812847832978,-0.893222276141214,13.534064350717934,-0.0686672923047249,0,TRUE,FALSE,FALSE,FALSE,FALSE,FALSE,FALSE
2006-10-01,13.240446812380762,13.132042384323775,10.96398251909111,12.73475488669567,9.400795428666859,11.638403264297079,11.47235343920518,5672,-194,13.24844433433232,11.948039986101389,11.981565665168858,11.527833781703347,0.010080526917246197,5.5,4.512501708498653,4.625952725170619,4.393213824064446,4.264498082020174,4.51403106219131,4.52756222039123,4.154184562578117,4.422591856821433,4.390133333333334,4.8889,4.8288,4.641659287068491,13.127327369239003,0.4715015084771901,5.532348853765093,-0.032348853765093444,2.6690149288809195,3.1490667091370383,0.8990667091370383,3.9898332908629612,-0.060099999999999376,0,0.8949783484004389,26.28266209525716,-0.03352567906746984,-0.9801010588363468,-1.6479787293436132,4.254362593164666,0.6345374068353338,-0.26452930230170457,0.4987666666666657,0.02443333333333264,4.628128128868571,2.0412223291455867,-0.18339767652536185,0.08352326130558856,-2.647481758801127,13.904127302572867,-0.257083872081737,0,TRUE,FALSE,FALSE,FALSE,FALSE,FALSE,FALSE
2007-01-01,13.251363268265877,13.143805835912662,10.96714601194071,12.745978316175949,9.382695764458287,11.647132879040754,11.49901921979566,5300,1143,13.262579129835604,11.9634659093027,12.008688211059173,11.562305931067666,0.009317125051639726,5.5,4.52264573328559,4.628886712605407,4.394449154672439,4.272247328266407,4.516054944687448,4.534881366561588,4.136765278106052,4.443934130303205,4.5294,5.2227,5.1255,4.651331182637926,13.130222459635002,1.358337627766111,5.649249986143088,-0.14924998614308793,2.7466370986791944,2.0202707317519497,-0.2297292682480503,5.45242926824805,-0.09719999999999995,-2.9899945695674113,0.8893723357191594,24.294617861038947,-0.045222301756473016,-1.1696622689003178,-0.9801010588363468,4.154777323177908,1.0679226768220917,1.297651945070142,0.6932999999999998,0.1945333333333341,4.632504760763786,0.43766318952149774,0.607037933543636,0.12638841774745108,-5.829391379018662,11.968350910126823,-0.32867459857087444,0,TRUE,FALSE,FALSE,FALSE,FALSE,FALSE,FALSE
2007-04-01,13.260722597293713,13.15399769417759,10.968853247410602,12.757082940769225,9.372544251851037,11.645548945567331,11.537549782545621,2428,-53,13.262919786715734,11.996603916176747,12.007310682833637,11.560457695415545,0.0042285360000278655,5.4,4.528439782859287,4.635699391022914,4.404277243608702,4.273499676582873,4.526513608000984,4.549028144278599,4.147885329150131,4.407063594494878,4.6947333333333345,5.3975,5.4635,4.646611508685053,13.132698600207094,2.129909397049637,5.774774425010472,-0.3747744250104712,2.5122877209746264,2.0202707317519497,-0.2297292682480503,5.62722926824805,0.06599999999999984,-2.0329081638425173,0.8926688451137467,9.860197680453986,-0.010706766656889855,3.451553509958316,-1.1696622689003178,4.03314473127468,1.3643552687253202,1.5940845369733705,0.7027666666666654,0.009466666666665624,4.624096972407439,-0.8407788356347368,0.987509613980704,0.5931431517976291,-5.063753069484106,-2.3224941510607278,-0.20950283841034423,0,TRUE,FALSE,FALSE,FALSE,FALSE,FALSE,FALSE
2007-07-01,13.270102116030516,13.162560536755741,10.985716361953713,12.776690544808503,9.389406636049465,11.653982220886329,11.508435399697364,-1836,1435,13.281631227867061,11.998679404307195,12.043459593955996,11.504399219625775,-0.003167674536969143,5.3,4.5350018015125775,4.646312129319266,4.403054001865957,4.2784934447633605,4.526913688022324,4.553164919304991,4.14946386144318,4.365524076053554,4.797,5.7383,5.3637,4.647833045076973,13.134753138927154,2.780739782858796,5.908583614510725,-0.6085836145107257,1.9386713800190414,2.0202707317519497,-0.2297292682480503,5.96802926824805,-0.37460000000000004,-1.7201362358546746,0.8927738628301913,0.49059787688543466,-0.04478018964880093,-3.4073422991911073,3.451553509958316,3.8886486620081184,1.849651337991881,2.0793806062399316,0.9413,0.2385333333333346,4.6215818137943065,-0.2515158613132229,1.470228215639277,1.4776381475870797,-4.937664600856861,-11.478165169380738,-0.7037265366142492,0,TRUE,FALSE,FALSE,FALSE,FALSE,FALSE,FALSE
2007-10-01,13.27851890332679,13.170311282211001,11.000131238109393,12.775361498161283,9.377802065863113,11.644856828230198,11.580294351841037,-6093,-659,13.278609574386786,12.034815650089113,12.03636322038698,11.515093113920798,-0.010424222930895255,5.2,4.542774347748056,4.6434288981051814,4.414009680526933,4.284700789337694,4.536467900827136,4.564372955856632,4.177459468932607,4.365524076053554,4.599,5.6875,4.792,4.620559165888027,13.136396735700782,3.3914546510218844,6.050104764771695,-0.8501047647716947,2.2436838635825573,2.0202707317519497,-0.2297292682480503,5.91722926824805,-0.8955000000000002,2.327490635448992,0.904102581300837,-5.706778076787877,-0.0015475702978662298,4.32326193509347,-3.4073422991911073,3.7213256819743292,1.9661743180256708,2.195903586273721,1.0884999999999998,0.14719999999999978,4.592654110858531,-2.8927702935775734,2.0992488168401944,1.0516135462361031,-1.064494024045659,-17.41076072488401,-1.2877726989226914,0,TRUE,FALSE,FALSE,FALSE,FALSE,FALSE,FALSE
2008-01-01,13.282251850282584,13.175676630301345,10.989115913645943,12.780039251831429,9.370416319822818,11.661285123440093,11.52944820952289,-4672,505,13.283493643154761,12.033212191025715,12.03875398041414,11.487597400523084,-0.007963319640696109,5.2,4.5355508968303475,4.646312129319266,4.417928545403755,4.30580411179525,4.5412109927231485,4.576557034069315,4.216562194946349,4.445441289593777,3.9857999999999993,5.3548,4.275,4.563018140675635,13.137657430057226,3.8019200244117544,6.198384721162168,-0.9983847211621676,2.5156048035700707,3.3556783528842615,1.1056783528842615,4.2491216471157385,-1.0797999999999996,7.979691684029699,0.9240730728986348,0.1507159290571991,-0.005541789388425755,-0.39942190905595254,4.32326193509347,3.532368389855696,1.8224316101443039,0.7167532572600424,1.3690000000000007,0.28050000000000086,4.527672099329469,-6.49820115290618,1.2527992794725578,1.2417320978116293,4.436026463324616,-11.24996290764626,-1.5442285019903719,0,TRUE,FALSE,FALSE,FALSE,FALSE,FALSE,FALSE
2008-04-01,13.276869993878622,13.17187518588776,10.969163340957973,12.765748431665669,9.39623885726048,11.655353415602505,11.545121563186544,-281,-216,13.277234940190162,12.034263637752757,12.03610249509515,11.54029741176608,-4.815428564573869e-4,5.4,4.542801954118986,4.641502115235482,4.437902745228859,4.307056460111716,4.559574470261873,4.592561270758539,4.255612709818223,4.512424110152704,3.707466666666667,5.0278,4.7415,4.533141281843125,13.138584458117302,3.3290727770458273,6.351939013572941,-0.9519390135729406,3.3060862260888335,3.3556783528842615,1.1056783528842615,3.9221216471157385,-0.2862999999999998,10.772738066809229,0.9387778684206237,10.53605156578259,-0.0018388573423937515,0.37029320460320037,-0.39942190905595254,3.3241982432833366,1.7036017567166635,0.597923403832402,1.3203333333333331,-0.048666666666667524,4.500154481346458,-2.7517617983011,1.8754984444057254,0.7017853274494945,7.111381895354707,-0.5242465205513303,-0.8305762645351787,0,TRUE,FALSE,FALSE,FALSE,FALSE,FALSE,FALSE
2008-07-01,13.260316728742517,13.155745927755452,10.948628738516264,12.749068222620393,9.42027709580311,11.673018454253116,11.494741127536377,-858,-1304,13.25298453941275,12.038281016220537,12.011109519748183,11.472478400155046,-0.0014948750873317177,5.9,4.526026337507175,4.634728988229636,4.450308142086396,4.312050228292203,4.570739167562354,4.597963948860644,4.286341384539473,4.60002216947069,3.8032,5,4.6827,4.517995522940746,13.139250818001974,1.649510975347754,6.508659181444076,-0.608659181444076,4.382547954002991,3.3556783528842615,1.1056783528842615,3.8943216471157385,-0.31730000000000036,13.687752309629353,0.9487263461805093,23.449809341713568,0.02717149647235395,2.9010353814747702,0.37029320460320037,3.100375719644686,1.8996242803553138,0.7939459274710523,1.1968,-0.12353333333333305,4.4907707416424545,-0.9383739704003524,0.11401340632636757,0.003772687909410835,9.951136158525763,12.772553697297596,-0.9468331624612638,0,TRUE,FALSE,FALSE,FALSE,FALSE,FALSE,FALSE
2008-10-01,13.238929673132816,13.134313687163745,10.927627700184981,12.722789879625747,9.439227397917458,11.68321661238021,11.472478400155046,-2768,241,13.229199603665451,11.989588123584667,11.954304542926062,11.445812967328893,-0.004926879974938414,6.4,4.510645182781676,4.639571612705423,4.451537149941837,4.3182575728665364,4.572651579696178,4.584800934167878,4.279440045898781,4.690039775909246,2.5548333333333333,3.3672,3.5671,4.430444110355967,13.13975031453707,-0.5436627373324866,6.665841802332162,-0.2658418023321618,3.618367886904217,3.3556783528842615,1.1056783528842615,2.2615216471157384,0.19989999999999997,10.198057696617369,0.965916720605002,32.45156998556915,0.035283580658605374,0.8112084186251423,2.9010353814747702,2.8655260474251696,0.5016739525748305,-0.604004400309431,0.8123666666666667,-0.3844333333333334,4.418294755884268,-7.247598575818692,-1.4939291372506083,0.504128218909803,6.432609283919854,22.205930881266433,-0.5174972615074352,0,TRUE,TRUE,FALSE,FALSE,FALSE,FALSE,FALSE
2009-01-01,13.21849322119233,13.114522719625167,10.900897335695076,12.717898768629748,9.45469731968959,11.677244273713113,11.416359496993897,-7604,1402,13.212037705590024,11.93602745815421,11.914824221198785,11.345606799854195,-0.013814126961346242,7.1,4.507949254658442,4.640537329825382,4.447541241788411,4.326006819112769,4.5703562458651605,4.5800037080751,4.286341384539473,4.67339254247609,1.6292333333333333,1.0714,2.5921,4.355381022470684,13.140187061992007,-2.566434236683985,6.820403041805388,0.27959695819461117,2.9145253142011995,2.0202707317519497,-0.2297292682480503,1.3011292682480502,1.5207,6.97791895931239,0.9841484275256251,22.795125288231244,0.021203236955425808,-1.4080343703179565,0.8112084186251423,2.6254617202854043,-1.5540617202854046,-1.3243324520373543,-0.5578333333333334,-1.3702,4.345733560260744,-7.256119562352392,-1.8237108542704008,0.6521312781236112,3.2278432899317755,13.027606382823082,0.7162251433140352,0,TRUE,TRUE,FALSE,FALSE,FALSE,FALSE,FALSE
2009-04-01,13.215596856903948,13.110499276460825,10.908795980727936,12.715771634881886,9.47378098005493,11.675129344845082,11.378456490095658,-7752,533,13.210974806960177,11.930352081477636,11.916428649764851,11.292266324948939,-0.014123846015096773,7.8,4.507662198247293,4.641502115235482,4.458574781935232,4.3272591674292356,4.579506138141494,4.587037023043228,4.264087336809195,4.621720531931769,1.2925666666666666,0.5,2.7139,4.398406745168732,13.140661776744098,-3.016250028327382,6.96909291430546,0.8309070856945405,1.9931667879621529,2.0202707317519497,-0.2297292682480503,0.7297292682480503,2.2139,0.8474626990971679,0.9694618037526713,10.929642177906462,0.013923431712784762,-0.7279805242641046,-1.4080343703179565,2.3863087781063825,-1.8863087781063825,-1.6565795098583322,-0.7925666666666666,-0.23473333333333324,4.390875860266997,4.514230000625297,-1.906491667580442,0.8336095914301261,-2.849278316002468,1.6707979839594655,1.326851192779324,0,TRUE,TRUE,FALSE,FALSE,FALSE,FALSE,FALSE
2009-07-01,13.216836843625089,13.11152080862526,10.912083955194309,12.717865801086292,9.507254695741542,11.684497788540147,11.38481932899077,-8530,773,13.219647970407832,11.9289809630764,11.942439075835532,11.292515673527074,-0.01552207300651454,7.8,4.514013609599974,4.635699391022914,4.465095528052018,4.332252935609723,4.583672021840933,4.588338373115751,4.257030144499196,4.617925460963217,1.2509,0.5,2.8839,4.417959496840758,13.141259134956677,-2.973832633141635,7.108836182373,0.6911638176269996,1.293285427857871,2.0202707317519497,-0.2297292682480503,0.7297292682480503,2.3839,-2.9311240040277298,0.9635738280406054,1.7903291492527451,-0.01345811275913178,-2.738154447191654,-0.7279805242641046,2.1532219721939247,-1.6532219721939245,-1.4234927039458742,-0.7508999999999999,0.04166666666666674,4.41329314556594,2.241728529894349,-1.3216965865519121,0.3697279467820575,-6.544828949885223,-6.9533772208704825,1.4220503869500272,0,TRUE,TRUE,FALSE,FALSE,FALSE,FALSE,FALSE
2009-10-01,13.220164996449341,13.115679087229074,10.90744111582406,12.725981888029207,9.51296031679217,11.691473243344609,11.369747695293901,-5121,-322,13.219196034016084,11.969603197545545,11.967002943665705,11.304879863843016,-0.009287740400310497,7.8,4.517777888229925,4.635699391022914,4.4723509206892755,4.338460280184056,4.588573068409051,4.592977325378418,4.26689632742025,4.620457107884997,1.2575666666666667,0.5,2.7161,4.386872375086844,13.142044961230395,-2.6365874001321385,7.237076925477171,0.5629230745228281,1.5921488712873355,2.0202707317519497,-0.2297292682480503,0.7297292682480503,2.2161,-1.2543718478530863,0.9726511196569245,-6.958266802424884,0.0026002538798408636,1.6058366638972643,-2.738154447191654,1.9301771108675143,-1.4301771108675143,-1.200447842619464,-0.7575666666666667,-0.006666666666666821,4.382468118117477,-3.082502744846316,-0.9930787170942944,0.5148113009416453,-4.761819006562773,-15.205507885305714,1.189662943892278,0,TRUE,TRUE,FALSE,FALSE,FALSE,FALSE,FALSE
2010-01-01,13.228527170348553,13.12499989872546,10.905900933264697,12.724664037511172,9.511777409660299,11.677982171585912,11.407642724065646,-2406,-480,13.230268452922054,11.969957829934799,11.977508177561482,11.375053235961534,-0.004327322563587901,8,4.528352474939779,4.635699391022914,4.479761901882115,4.339092058661425,4.593450211822568,4.597475357807957,4.289088639014612,4.617925460963217,1.2609,0.5,2.8938,4.37725778174875,13.143066493711954,-1.8066594986495057,7.351691200473125,0.6483087995268755,2.3093965957407647,1.3085239548655814,-0.9414760451344186,1.4414760451344186,2.3938,0.2747254475139016,0.9798574479433757,-5.546708151287216,-0.007550347626683163,-1.0150601506524026,1.6058366638972643,1.720116738714011,-1.220116738714011,-0.2786406935795924,-0.7608999999999999,-0.0033333333333331883,4.373232635763362,-0.9235482354115199,0.018739024169028687,0.6856577259242236,-3.105631385104118,-13.336946271687932,1.314540300180328,0,TRUE,TRUE,FALSE,FALSE,FALSE,FALSE,FALSE
2010-04-01,13.239885045573873,13.137037188504788,10.910094195408213,12.752478710847202,9.514953305087944,11.68059013242055,11.384387299697012,-1128,-745,13.242375038939295,11.998267113100695,12.007487551466447,11.362858103705607,-0.002005857530768041,7.9,4.531905414242136,4.629862798578463,4.492557510954941,4.340344406977891,4.604615195686176,4.6050396495399095,4.30406509320417,4.597438188704765,1.2642333333333333,0.5,2.5396,4.380752072764831,13.1443544918768,-0.731730337201232,7.450906891137614,0.4490931088623862,2.5109057544681512,1.3085239548655814,-0.9414760451344186,1.4414760451344186,2.0396,3.997775639497547,0.9824945629684401,-2.428234322700362,-0.009220438365751704,-0.16700907390685416,-1.0150601506524026,1.5250895396260284,-1.0250895396260284,-0.08361349449160982,-0.7642333333333333,-0.0033333333333334103,4.380327618911098,0.7094983147736045,0.33081476580934616,0.29535671349369996,0.7659286298324186,-9.812218151135887,0.9200903530485194,0,TRUE,TRUE,FALSE,FALSE,FALSE,FALSE,FALSE
2010-07-01,13.245746702127002,13.142714873652226,10.917830156883532,12.754604374471196,9.522153924002891,11.683587647995452,11.415323661400773,-989,346,13.254231637790818,12.00882220543161,12.038257362137841,11.408209186191696,-0.0017484031899077006,7.8,4.53240909707012,4.633757642840004,4.495481800073459,4.3453381751583775,4.606833311198198,4.604959716912023,4.298645025734831,4.594847513680673,1.2659,0.5,2.0181,4.4038346028704565,13.145928423578514,-0.3213549926288448,7.5333570742471085,0.2666429257528913,2.3161289357265247,1.3085239548654926,-0.9414760451345074,1.4414760451345074,1.5181,4.161488123563473,0.9761140945059421,-2.307794728254464,-0.029435156706231425,-2.021471834047972,-0.16700907390685416,1.3463816245344036,-0.8463816245344036,0.09509442060010387,-0.7659,-0.0016666666666667052,4.405708197156632,2.53805782455343,0.3406295665604308,0.8970313788246521,1.1020984112453946,-9.339223689572417,0.3708994120435516,0,TRUE,TRUE,FALSE,FALSE,FALSE,FALSE,FALSE
2010-10-01,13.246252179318828,13.142934336908688,10.921233183065615,12.75253371690512,9.508888197738269,11.685339773316288,11.435720394061256,-2502,364,13.252996825039531,12.026359683392768,12.048664164827604,11.4123534660442,-0.0044209242947636255,7.9,4.528456574643497,4.629862798578463,4.505556090950711,4.351545519732712,4.615656897856713,4.613118788982923,4.316153890523174,4.610291836108146,1.3125666666666667,0.5,2.0285,4.385726033452359,13.14780318335607,-0.4868846447381864,7.597955509771092,0.3020444902289088,2.7083829447661856,1.3085239548655814,-0.9414760451344186,1.4414760451344186,1.5285000000000002,4.925756310292417,0.9841366874267751,-1.016527177685056,-0.022304481434836987,0.7130675271394438,-2.021471834047972,1.1846384234077962,-0.6846384234077962,0.2568376217266224,-0.8125666666666667,-0.046666666666666634,4.3882641423261495,-1.7444054830482614,-0.09247624540866656,0.7347048011941933,2.064820641854992,-7.745918814721548,0.36557873024153364,0,TRUE,TRUE,FALSE,FALSE,FALSE,FALSE,FALSE
2011-01-01,13.24789057173065,13.143786260005124,10.929815845619073,12.74259233148796,9.490393417263473,11.688759355628628,11.400406052113922,-67,-2778,13.233913696641062,12.074755941528492,12.028111568013182,11.368049970645048,-1.1819225823067954e-4,7.8,4.528858528039639,4.6210435351443815,4.5201205199519725,4.3644098666457145,4.628386656952958,4.6234082957532685,4.341204640153626,4.65157349508145,1.3592333333333333,0.5,2.6037,4.392214561061372,13.149991657279736,-0.6205397274612005,7.643782609507669,0.1562173904923303,3.4936445130389515,2.531780798428951,0.2817807984289509,0.21821920157104913,2.1037,5.2116001139014045,0.9883862866445625,3.364803411823214,0.04664437351530992,6.894885495014691,0.7130675271394438,1.039976377699486,-0.5399763776994859,-0.8217571761284368,-0.8592333333333333,-0.046666666666666634,4.397192922261061,0.8928779934911368,-0.08761224964696211,0.09047887322893232,2.5764756965105717,-3.104049546950277,0.9362077485859932,0,TRUE,TRUE,FALSE,FALSE,FALSE,FALSE,FALSE
2011-04-01,13.247410631290515,13.143780387158133,10.925020793105562,12.73715079537271,9.526537012326164,11.674380829082798,11.393770238290212,5005,453,13.247315321586855,12.054615833979375,12.053533167020687,11.453440818135336,0.00883337657363824,7.9,4.539584732795529,4.6141299273595635,4.535398439832,4.365662214962181,4.641313228330819,4.637794879408785,4.364371699435161,4.6601153407944125,1.5142333333333333,0.5,2.307,4.374956701489517,13.152503688390752,-0.8723301232619468,7.6701075630613005,0.2298924369387001,3.6698032644643774,2.531780798428951,0.2817807984289509,0.21821920157104913,1.807,6.030660623099049,0.9975805470141561,6.267715208964741,0.0010826669586876392,-4.556170655662228,6.894885495014691,0.9120840298481171,-0.4120840298481171,-0.693864828277068,-1.0142333333333333,-0.15500000000000003,4.37847505041155,-1.871787184951046,0.9520792179105391,-0.3575231558188138,3.648774611651878,0.03176237851263419,0.6450374213140666,0,TRUE,TRUE,FALSE,FALSE,FALSE,FALSE,FALSE
2011-07-01,13.249147558706609,13.146825719582065,10.91490662950186,12.738919022965431,9.523178364309082,11.67242183112224,11.415169296172337,672,1547,13.244602248841089,12.06268137510434,12.04698312300607,11.439343508292259,0.0011839615494392039,8.3,4.536410130235137,4.61015772749913,4.541466871520306,4.370655983142668,4.6470051682801445,4.639320891736707,4.379523504455763,4.6982606090541035,1.649233333333333,0.5,1.5986,4.372193446959188,13.155345241357063,-0.8519521774997575,7.67629719590555,0.6237028040944503,4.0171857081946705,2.5317807984290397,0.2817807984290397,0.2182192015709603,1.0986,8.087847872093246,1.0016765171956592,10.341309537343069,0.015698252098269805,1.4615585139582166,-4.556170655662228,0.8003124370562688,-0.30031243705626876,-0.5820932354853084,-1.149233333333333,-0.1349999999999998,4.379877723502625,0.14026730910750018,0.6040271576839842,-0.5106668406608351,5.985087071907677,4.326418412314465,-0.049366427179968475,0,TRUE,TRUE,FALSE,FALSE,FALSE,FALSE,FALSE
2011-10-01,13.249975284392757,13.148689776589471,10.906469610188987,12.740385277388619,9.502338118495565,11.679049886861613,11.427269532586738,-5180,3,13.243486606177244,12.074978280939069,12.052793252688813,11.369216744302053,-0.009118819271339446,8.4,4.539088601323922,4.60816569496789,4.550967399973775,4.376863327717001,4.655130985823078,4.643902041569477,4.370712874773608,4.7844919548029345,1.5375666666666665,0.5,1.2468,4.385806980155226,13.15851682878334,-0.9827052193867903,7.661862016287023,0.7381379837129776,3.947408796636509,2.531780798428951,0.2817807984289509,0.21821920157104913,0.7467999999999999,5.455898425043415,0.9965584200467748,17.420011869478813,0.02218502825025581,0.6486776151986007,1.4615585139582166,0.7037551040078883,-0.20375510400788832,-0.4855359024368392,-1.0375666666666665,0.11166666666666658,4.3970359244088275,1.7158200906202126,0.8429594847308016,-0.4697935710678549,3.654328807725979,11.630124302532924,-0.38074112089016565,0,TRUE,TRUE,FALSE,FALSE,FALSE,FALSE,FALSE
2012-01-01,13.259366735774229,13.158328797836937,10.91439731633602,12.741711850179334,9.488729397516371,11.707439062529545,11.442578105149408,-5535,-2133,13.246425326031062,12.10652299184244,12.063932878369052,11.356727691275344,-0.009652677985964815,8.2,4.539029261809438,4.605170185988092,4.554427617112877,4.379523504455763,4.6589940283795315,4.650034188014887,4.363098624788363,4.780190872903543,1.4242333333333332,0.5,1.0583,4.396581447620397,13.162013638573145,-0.36848407362082347,7.626702346704914,0.5732976532950851,3.060737142657377,1.5113637810048708,-0.7386362189951292,1.2386362189951292,0.5583,2.1893984634736796,0.9923843506071846,12.861737782209381,0.0425901134733877,2.040508522313189,0.6486776151986007,0.6213178401137549,-0.1213178401137549,0.6173183788813743,-0.9242333333333332,0.11333333333333329,4.4055412879850415,0.8505363576214009,0.8087500753448367,-0.5376658882910289,0.7035244874995128,7.313871890054796,-0.5443931297935772,0,TRUE,TRUE,FALSE,FALSE,FALSE,FALSE,FALSE
2012-04-01,13.258836439074761,13.157680326931715,10.915179369173536,12.751317087166617,9.5253700659462,11.67876188550432,11.412685152006974,8076,672,13.268048611961381,12.051901132152565,12.080180570302911,11.504994094643948,0.014091486480827482,8,4.531290043515968,4.607168188650764,4.562579266728,4.380775852772229,4.666327743805002,4.658616573763254,4.3528552573736015,4.766083205392865,1.4092333333333333,0.5,0.9032,4.420701525816504,13.165824716722424,-0.8144389790708858,7.571179845898228,0.4288201541017722,2.5014515474182986,1.511363781004782,-0.738636218995218,1.238636218995218,0.4032,-1.1516442061559218,0.9846526013921802,10.596786459845209,-0.028279438150345726,-7.086955162373343,2.040508522313189,0.5517791078446378,-0.051779107844637795,0.6868571111505802,-0.9092333333333333,0.014999999999999902,4.428412695858253,2.287140787321107,0.00562756381442789,-0.11868952572173866,-2.3171635509478428,5.313767795550878,-0.671990960666704,0,TRUE,TRUE,FALSE,FALSE,FALSE,FALSE,FALSE
2012-07-01,13.269145835577616,13.168097447901603,10.924714710154692,12.765388388456595,9.53755560876329,11.687584405428838,11.407053707539484,8158,66,13.267711427517433,12.079147951956507,12.073158205408454,11.49453743665695,0.014088569055230022,7.8,4.531443684953113,4.6061696863211745,4.5653060658929485,4.385769620952716,4.669107453725499,4.658772588772323,4.3489867805956814,4.766083205392865,1.2375,0.5,0.661,4.43177824127129,13.169936806201656,-0.18393583000523955,7.496014483639272,0.30398551636072746,2.2102285445354752,1.511363781004782,-0.738636218995218,1.238636218995218,0.16100000000000003,-3.053672386008177,0.9813186815385738,6.782259633876109,0.005989746548053176,3.4269184698398902,-7.086955162373343,0.49384154602124763,0.006158453978752365,0.7447946729739704,-0.7375,0.1717333333333333,4.442113106224466,1.3700410366213056,-0.011204215837020467,-0.015634648147214332,-3.9044632812197833,1.788150016940021,-0.8854628745799318,0,TRUE,TRUE,FALSE,FALSE,FALSE,FALSE,FALSE
2012-10-01,13.267701050808302,13.166963824573234,10.920618599336354,12.781989137861805,9.474472303967703,11.69879903920772,11.45487253352161,-6154,-214,13.268910940942323,12.04986902653126,12.053498222756783,11.385001180236953,-0.010643099884990877,7.8,4.527059845971855,4.597138014290827,4.577315830351805,4.39197696552705,4.6791196209116555,4.663592349526197,4.351567427189173,4.795164414693706,1.2375,0.5,0.7892,4.426364042880418,13.174331559737706,-0.7367735164471364,7.4021942422967095,0.3978057577032901,2.3988635088577404,1.5113637810048708,-0.7386362189951292,1.2386362189951292,0.2892,-1.914544758443526,0.9831020189558174,1.0672459890771258,-0.003629196225523046,-0.9618942773576222,3.4269184698398902,0.44617543152187616,0.053824568478123835,0.792460787473253,-0.7375,0,4.4418913142658765,-0.02217919585891792,-0.4868528126756688,-0.7358620467774919,-2.4650703298982557,-3.6159775994459356,-0.7283171382532231,0,TRUE,TRUE,FALSE,FALSE,FALSE,FALSE,FALSE
2013-01-01,13.270350530234875,13.169016020607433,10.928237992605782,12.773801150490428,9.455558477608703,11.686164231155798,11.43826657185665,-736,754,13.266732083634112,12.076419437303302,12.063644652397896,11.438460506027381,-0.001269514910763106,7.8,4.5279707415684305,4.589040804058207,4.581812848184669,4.400603020246817,4.6832334422772774,4.667606406716421,4.373238128640803,4.839800781289432,1.2375,0.5,0.9567,4.3860547608693174,13.178989480458496,-0.9973459851063144,7.290897095186889,0.5091029048131107,2.4239413897745976,2.1079515791053716,-0.14204842089462844,0.6420484208946284,0.4567,1.0139503852439447,0.9970778677131759,5.960990838588831,0.012774784905406733,1.640398113092978,-0.9618942773576222,0.4074548902585624,0.09254510974143759,0.23459353063606603,-0.7375,0,4.401681796430174,-4.020951783570226,-0.4401632586070563,-1.3862931204693814,0.7428303570518324,1.6074278273298603,-0.5321086041099311,0,TRUE,TRUE,FALSE,FALSE,FALSE,FALSE,FALSE
2013-04-01,13.276979663106061,13.175866228921635,10.932946242515648,12.78074029793914,9.45634070543332,11.68972346162082,11.465519342572959,1467,3619,13.286108454875343,12.081886025622298,12.109776479801445,11.5174750996688,0.002513686483152132,7.7,4.531895983400817,4.593097604753822,4.589020478648396,4.401829261970061,4.6897125783274145,4.673241760605564,4.364371699435161,4.839800781289432,1.1675,0.5,0.9316,4.3884820038712284,13.183886466657478,-0.8020237735843023,7.163549644224691,0.5364503557753086,2.3384834522412135,2.1053409197832273,-0.14465908021677265,0.6446590802167727,0.4316,1.1516442061559218,0.9945060035759975,7.371757589656713,-0.02789045417914693,-4.066523908455366,1.640398113092978,0.3763876884986329,0.12361231150136709,0.26827139171813974,-0.6675,0.07000000000000006,4.404952821593079,0.32710251629044507,-0.1009366363549191,-0.8481975910982695,1.1342139550176156,3.3656872583087747,-0.5287369263620004,0,TRUE,TRUE,FALSE,FALSE,FALSE,FALSE,FALSE
2013-07-01,13.284611470229162,13.182455151400223,10.949314205759316,12.791498191851014,9.452972775874239,11.689254100027775,11.490741203834345,-836,-1784,13.289620364558315,12.086923051558166,12.101811525315648,11.463588151141717,-0.0014215849652085785,7.6,4.5265517695943,4.589040804058207,4.59203428659495,4.409155302062135,4.692767052108971,4.674595337617606,4.365643155423357,4.841829179550825,1.1325,0.5,1.4572,4.3973191064921755,13.188992183215689,-0.653703181546614,7.0218966806405785,0.5781033193594215,2.365959838347198,2.3385681109418854,0.08856811094188544,0.41143188905811456,0.9572,1.665637482767579,0.9927965311814528,7.574597415796003,-0.014888473757482146,1.3001980421664783,-4.066523908455366,0.35173943320301143,0.14826056679698857,0.05969245585510313,-0.6325000000000001,0.03499999999999992,4.41549082098354,1.0537999390461295,-0.6990402798755365,-1.1506948923364295,1.8708609877865046,3.931904778409849,0.02543080865619364,0,TRUE,TRUE,FALSE,FALSE,FALSE,FALSE,FALSE
2013-10-01,13.29118420814443,13.189006557193268,10.956073354557526,12.794081507966814,9.416541202560081,11.708919788684826,11.486920241282714,753,3988,13.309609455481468,12.060133161374432,12.120018991595556,11.53443252125466,0.001272058301827507,7.2,4.531265184119235,4.58700621536042,4.598125429861386,4.410371107683024,4.698511281453303,4.676080587588613,4.3463994570307305,4.861890032835905,1.0625,0.5,1.6261,4.425444058152595,13.194271282365587,-0.5264725172318576,6.868018277137336,0.3319817228626634,1.939166054164776,1.8394142155973903,-0.41058578440260973,0.9105857844026097,1.1261,-0.5167970158442614,0.982138605734661,6.672561814219957,-0.05988583022112337,-4.4997356463641225,1.3001980421664783,0.3323529890273065,0.16764701097269352,0.5782327953753033,-0.5625,0.07000000000000006,4.447874752017286,3.238393103374637,-0.3031898532203023,-1.2820317635095155,-0.12598491397435296,3.405081241713711,0.2236579751892516,0,TRUE,TRUE,TRUE,FALSE,FALSE,FALSE,FALSE
2014-01-01,13.29916304995159,13.197609986778867,10.95884433253328,12.797914964028733,9.40442579569038,11.713193352043245,11.522737172354221,93,1025,13.311715164119484,12.077352517331402,12.11753100737885,11.533747180662527,1.558582594822154e-4,6.7,4.5307133777568875,4.583946549536464,4.599054858762398,4.414009680526933,4.69952155262864,4.679132013689896,4.33729074083249,4.896056362430655,1.0275,0.5,1.8015,4.449244765573328,13.199684330694742,-0.20743439158755084,6.704355820992346,-0.004355820992345272,1.6288110351362128,1.3406660280115723,-0.9093339719884277,1.4093339719884277,1.3015,-3.5947387808312747,0.974837521727935,5.625558114122331,-0.04017849004744711,1.9707340173676258,-4.4997356463641225,0.3171638834813767,0.18283611651862333,1.092170088507051,-0.5275000000000001,0.03499999999999992,4.469634304512072,2.175955249478534,-0.44665743917485495,-1.548046010940692,-3.062601667943532,2.7386158937949157,0.4297920532263654,0,TRUE,TRUE,TRUE,FALSE,FALSE,FALSE,FALSE
2014-04-01,13.308527541915733,13.207481797213816,10.963965204722781,12.806937308288061,9.378478484253662,11.71858098823553,11.525170191386666,6293,-3384,13.320005308970106,12.082508556740661,12.119419386226932,11.553501029129016,0.010448108117082565,6.3,4.530932827712945,4.581901559048737,4.60607977218911,4.412798293340635,4.705896343550763,4.686699593846473,4.3267781604434035,4.888349195185717,1.0135,0.5,1.859,4.464722358447471,13.205188604337494,0.2293192876323551,6.533558188059779,-0.23355818805977924,1.6183765223348523,1.0969031370573923,-1.1530968629426077,1.6530968629426077,1.359,-3.7593538991757214,0.9691035215788792,4.85484138962855,-0.03691082948627056,0.3267660561176555,1.9707340173676258,0.3052124234569387,0.19478757654306128,1.347884439485669,-0.5135000000000001,0.014000000000000012,4.48391910815176,1.4284803639688093,-0.526592984424314,-1.7450700124618195,-3.1372750470591626,2.345127549383741,0.5199407365222293,0,TRUE,TRUE,TRUE,FALSE,FALSE,FALSE,FALSE
2014-07-01,13.316634914584043,13.21641822415317,10.965090015570338,12.824698306899146,9.374497958142467,11.718963548381499,11.543861958535812,6564,1413,13.33397023625889,12.08982530509004,12.145881992035864,11.618356978107673,0.010810045239479392,6,4.536596075972631,4.585987366571318,4.606489315553989,4.42484663185681,4.707567187715581,4.68585793471705,4.3134800921387715,4.887381609236981,0.9715000000000001,0.5,1.8288,4.477364086833585,13.21074008296323,0.5678141189939632,6.358271531805691,-0.3582715318056917,1.4800135606609643,1.5691329794675468,-0.6808670205324532,1.1808670205324532,1.3288,-5.216306328458575,0.9633972150764462,4.555242968615669,-0.05605668694582455,-1.9145857459553994,0.3267660561176555,0.2956531884185313,0.20434681158146872,0.8852138321139219,-0.47150000000000014,0.041999999999999926,4.499073339832116,1.5154231680356567,-0.07626079680075198,-1.360831595979611,-4.560874568815398,2.4090996420284227,0.524543098798275,0,TRUE,TRUE,TRUE,FALSE,FALSE,FALSE,FALSE
2014-10-01,13.323212238812166,13.222107349770967,10.97913822956689,12.832297131735624,9.356343666096025,11.715441729049703,11.57258020483848,7975,5889,13.354439712343106,12.109209260126294,12.208250272777947,11.695338684229718,0.013047675141520238,5.7,4.536434771373063,4.592084946439436,4.607434287644485,4.422448549172797,4.708901855915041,4.683787139197638,4.3054155323020415,4.883501875951393,0.8995000000000001,0.5,1.4057,4.469121341524815,13.216296179486893,0.5811170284074222,6.180996031828608,-0.4809960318286073,1.0390574461737856,1.20774414897733,-1.04225585102267,1.54225585102267,0.9057,-4.098392472868895,0.9633695760950365,2.1611843115487694,-0.09904101265165366,-4.298432570582911,-1.9145857459553994,0.28776250006603526,0.21223749993396474,1.2544933509566347,-0.3995000000000001,0.07200000000000006,4.494236058242218,-0.4837281589898268,-0.2226853783315148,-0.8054827545278531,-3.469441400410289,0.35314003314684816,0.13831325081560647,0,TRUE,TRUE,TRUE,FALSE,FALSE,FALSE,FALSE
2015-01-01,13.326244187657554,13.22378936293997,10.993260892537034,12.837328464797901,9.351405812254786,11.714706452920401,11.60838108874252,5113,2467,13.355313090764042,12.10758843381178,12.20122089479915,11.675010300262745,0.008339912180545316,5.5,4.535418428438557,4.601162164590552,4.600060487012783,4.423648309364701,4.70355246168078,4.6792436512988544,4.278054044290903,4.87078776825577,0.8358333333333334,0.5,1.1058,4.492883517592847,13.221817855661664,0.19715072783063006,6.004007948019662,-0.5040079480196622,0.403090905214043,0.9638628837768337,-1.2861371162231663,1.7861371162231663,0.6057999999999999,-5.9236696541586475,0.9521844996735987,-2.5268594174884917,-0.09363246098737044,0.5408551664283223,-4.298432570582911,0.2809443968565706,0.21905560314342942,1.5051927193665957,-0.33583333333333343,0.06366666666666665,4.517192327974772,2.295626973255427,-0.46905699932615635,0.020364198830059334,-5.381427079999213,-4.035595399500758,-0.12306253610141968,0,TRUE,TRUE,TRUE,FALSE,FALSE,FALSE,FALSE
2015-04-01,13.330799299846264,13.22795686592187,11.000965865163035,12.840469852272596,9.406153835618436,11.727278492594847,11.604519658131226,-5258,-38,13.345988412786479,12.138601829414757,12.185522939239963,11.554988289342615,-0.008537446722143292,5.6,4.540952118440148,4.6061696863211745,4.6059132431827035,4.421247347827163,4.709568522606398,4.690259019664181,4.269697449699962,4.856912421762153,0.7758333333333333,0.5,1.3044,4.5127412514073955,13.22726970522215,0.06871606997186763,5.829282917750108,-0.22928291775010795,0.3672179055635105,0.8449054486527885,-1.4050945513472115,1.9050945513472115,0.8044,-5.70807107434419,0.9461427571032052,-3.1436773423564546,-0.04692110982520603,4.6711351162164405,0.5408551664283223,0.2747355656847124,0.2252644343152876,1.6303589856624991,-0.27583333333333326,0.060000000000000164,4.532050754349614,1.4858426374841471,-0.07487107706069356,0.41488031365717,-5.310990625126555,-4.405435778618982,0.11521556358979278,0,TRUE,TRUE,TRUE,FALSE,FALSE,FALSE,FALSE
2015-07-01,13.334669212255196,13.230753100377449,11.013583649145524,12.853139237702454,9.400712766959849,11.733417504130946,11.59087675638741,-4656,99,13.35470767177026,12.114445176215531,12.179276822743011,11.54780986682373,-0.007530775737833252,5.3,4.543407361436988,4.6061696863211745,4.606585850132582,4.42484663185681,4.71090052413534,4.690257803993218,4.2626798770413155,4.8499018772759355,0.7124999999999999,0.5,1.3249,4.530889429677277,13.232617554095016,-0.18644537175673687,5.65848157342368,-0.35848157342368014,0.3333336419759192,0,-2.25,2.75,0.8249,-5.0800215097456025,0.9408042158611967,-3.7479731961045815,-0.0648316465274803,-1.7910536702274271,4.6711351162164405,0.26880960319700326,0.23119039680299674,2.481190396802997,-0.2124999999999999,0.06333333333333335,4.5515321498193995,1.9481395469785667,-0.0026849893752095566,0.28737485122858586,-4.881419235715634,-4.8261025889767994,0.17612428951690356,0,TRUE,TRUE,TRUE,FALSE,FALSE,FALSE,FALSE
2015-10-01,13.34064392345254,13.236058067152106,11.024985944990938,12.850727867452997,9.387900611668426,11.730099232531394,11.623249641256933,13740,-3359,13.365162094162361,12.141640785370784,12.21984733735198,11.712145108165064,0.02209116867748823,5.1,4.529133147160771,4.607168188650764,4.608105872640185,4.429625613473161,4.7125630349089525,4.688597241270159,4.248495242049359,4.841829179550825,0.6941666666666667,0.5,1.2263,4.5232451244643,13.237827657682352,-0.17695905302471307,5.4931212456205145,-0.39312124562051465,0.3661178993911385,0.7177064300363689,-1.532293569963631,2.032293569963631,0.7263,-5.692029025268219,0.939258237204759,-4.167269640056848,-0.07820655198119653,-1.3374905453716224,-1.7910536702274271,0.26298089631143157,0.23701910368856843,1.7693126736521996,-0.1941666666666667,0.0183333333333332,4.547210918103094,-0.4321231716305718,-1.617262352432119,0.24128270965738993,-5.736764031134179,-5.133382846256107,0.11816837158032771,0,TRUE,TRUE,TRUE,FALSE,FALSE,FALSE,FALSE
2016-01-01,13.345665316174584,13.24239632455501,11.019219133011626,12.871164942395943,9.370416319822818,11.733842539523547,11.638659033435957,-5671,424,13.370585027974986,12.145106402867983,12.22488458617992,11.59128367775547,-0.00907216296938565,5.1,4.540422442005875,4.617098756853365,4.603522162072371,4.4355674016019115,4.710567690050057,4.686692921115122,4.268297869345539,4.831645792160126,0.7488333333333334,0.5,0.8999,4.465366592745547,13.242865106102686,-0.04687815476760518,5.334495213937366,-0.23449521393736628,0.701522836927726,1.191909223721055,-1.058090776278945,1.558090776278945,0.39990000000000003,-0.9756174945364293,0.9558672912275183,-3.914197609564418,-0.07977818331193731,-0.1571631330740786,-1.3374905453716224,0.25720832594398757,0.2427916740560124,1.3008824503349574,-0.24883333333333335,-0.05466666666666664,4.489241361680484,-5.796955642261015,-0.6889674380072884,1.0726131260957146,-1.2970410524466716,-4.845155526047673,-0.16795753800046725,0,TRUE,TRUE,TRUE,FALSE,FALSE,FALSE,FALSE
2016-04-01,13.35299403029207,13.250842780191064,11.017267560885168,12.880309650440473,9.369990189505721,11.735612912284822,11.65624628441445,-4315,-1253,13.371664224234546,12.17518035458764,12.232685364754902,11.60679824857907,-0.006852502076395472,4.9,4.546272389746128,4.620058798481842,4.609421137875629,4.437934266612178,4.717203414465455,4.697206775403229,4.28771595520264,4.819287241456329,0.7315,0.5,0.7614,4.448538597918027,13.247693883480455,0.3148896710608931,5.183651057192469,-0.28365105719246886,0.7634891859057191,1.668691878501516,-0.5813081214984841,1.081308121498484,0.26139999999999997,1.8018505502678472,0.9638482078607447,-3.7625180305823847,-0.057505010167261617,2.2273173144675695,-0.1571631330740786,0.25159890995046685,0.24840109004953312,0.8297092115480172,-0.23150000000000004,0.01733333333333331,4.468535236980253,-2.0706124700230255,-0.31673599096110033,1.1936089369463003,1.1854804782443662,-4.7372212302674965,-0.26723264223825205,0,TRUE,TRUE,TRUE,FALSE,FALSE,FALSE,FALSE
2016-07-01,13.357399135286276,13.25607050458663,11.014785701011421,12.887908594631655,9.36434818445553,11.736756779720936,11.694821931426086,-2044,2961,13.393739223021795,12.146794928729792,12.266127693405457,11.702437772899765,-0.003231738071107724,4.8,4.5491617702176335,4.619073091157083,4.613822645267231,4.448516375942715,4.721163815681552,4.6985584009742025,4.3294166844015844,4.821357635570637,0.7315,0.3423,0.2776,4.366987867157429,13.252277680951636,0.3792823634994006,5.041489794695345,-0.24148979469534593,1.0263291546212194,2.366974408590483,0.11697440859048314,0.22532559140951686,-0.06469999999999998,6.673680736026899,0.9913965451934491,-2.8544241705298568,-0.119332764675665,-6.182775450840339,2.2273173144675695,0.24641141098295039,0.0958885890170496,-0.021085819573433542,-0.38920000000000005,-0.1577,4.389593281864779,-7.894195511547419,-0.25090954527777315,0.9085796022106278,5.760010148558342,-3.9507846800917346,-0.5557311706845459,0,TRUE,TRUE,TRUE,FALSE,FALSE,FALSE,FALSE
2016-10-01,13.363570004656511,13.262761639024578,11.01659428735469,12.88910130609395,9.369052063131004,11.734251365357412,11.674942268423818,-3777,-2544,13.381463859986987,12.182312597965835,12.23750348083166,11.619687997343146,-0.0059350211819130345,4.7,4.551873693707844,4.617098756853365,4.620144180718449,4.455509411433685,4.7277298274524435,4.702061022030715,4.355425952876702,4.827543222303348,0.7631666666666667,0.25,0.5917,4.337966329564486,13.256582157712645,0.6179481311933792,4.908735163844795,-0.20873516384479485,1.516679254349107,2.588379796052376,0.3383797960523758,-0.08837979605237578,0.3417,10.693071082734296,1.0040248406708978,-1.4285957247476944,-0.05519088286582452,6.414188180984048,-6.182775450840339,0.24205984237479994,0.007940157625200076,-0.3304396384271757,-0.5131666666666667,-0.12396666666666661,4.3636351349862155,-2.595814687856368,-0.21119862981228468,0.514323011643308,9.494909013927073,-2.72057626134935,-0.11376033248947093,1,TRUE,TRUE,TRUE,FALSE,FALSE,FALSE,FALSE
2017-01-01,13.373064506544647,13.272648882773796,11.022898704119024,12.897027424533205,9.390826912824407,11.738043066564448,11.681646620836169,-2220,-961,13.388967870153406,12.200346281156726,12.248974076523028,11.654407665982111,-0.0034554519092928307,4.6,4.555449362608123,4.6141299273595635,4.624730953970038,4.45898767581001,4.731974731785768,4.706166377467579,4.3694478524670215,4.830621726530436,0.8581666666666666,0.25,0.5634,4.344318277333814,13.260575343474672,1.207353929912336,4.785959970917906,-0.18595997091790661,2.140704173571084,2.342027420809867,0.09202742080986681,0.1579725791901332,0.3134,10.114998312148238,1.0057844691684583,-0.10240656296902628,-0.04862779536630235,0.6563087499522169,6.414188180984048,0.23901814782751238,0.010981852172487622,-0.08104556863737919,-0.6081666666666666,-0.09499999999999997,4.370126631652003,0.6491496665787189,-0.0913477445625352,0.010770174207427353,8.656716825204104,-1.6575512938364012,-0.10858000482146524,1,TRUE,TRUE,TRUE,FALSE,FALSE,FALSE,FALSE
2017-04-01,13.381559551846923,13.28119963417937,11.030962608389315,12.897065006132257,9.413770891980372,11.744870172237507,11.700773389889713,2641,-207,13.400588877084354,12.221153357798181,12.279713365681536,11.720744188662701,0.0040759695282308345,4.4,4.558665741730448,4.61512051684126,4.636481496999352,4.460144413937834,4.742670020902516,4.713384535300471,4.364371699435161,4.855913919432564,0.9531666666666667,0.25,0.4155,4.355938016871505,13.264229130124729,1.6970504054640567,4.673606562714382,-0.2736065627143819,2.5466606437060335,2.221014732565596,-0.028985267434403994,0.278985267434404,0.16549999999999998,7.665574423252064,1.0019361346582505,3.66266779762352,-0.05856000788335436,-0.9932212517052008,0.6563087499522169,0.2377652336411002,0.012234766358899807,0.0412200337933038,-0.7031666666666667,-0.09500000000000008,4.38522350247355,1.5096870821547093,-0.011393148321738034,-0.1064911153455389,5.977174292334498,1.7849336153645812,-0.22507896464117083,1,TRUE,TRUE,TRUE,FALSE,FALSE,FALSE,FALSE
2017-07-01,13.388304314867396,13.287555730119546,11.04096792808962,12.903495671619574,9.430037992886092,11.748076635408715,11.707521382639571,-888,-195,13.400554048678606,12.249352417240114,12.285470529965268,11.698566506174526,-0.001361276288498595,4.3,4.574993365390378,4.61512051684126,4.641601756683837,4.461299815568389,4.747814726783754,4.714847607511631,4.373238128640803,4.871771536165903,1.0165,0.25,0.5533,4.337982005122242,13.267522955511886,2.003277460766043,4.572001061052093,-0.27200106105209343,2.6650911102201746,1.2783439625674298,-0.9716560374325702,1.2216560374325702,0.3033,4.382144423921819,1.0081273097668295,5.041390059526574,-0.03611811272515375,2.244189515820061,-0.9932212517052008,0.23878686977318228,0.011213130226817719,0.9828691676593879,-0.7665,-0.06333333333333324,4.370949124394366,-1.4274378079183414,1.3780429428156689,-0.3322720559005717,2.493844686140212,2.7907960484091388,-0.05787812640621094,1,TRUE,TRUE,TRUE,FALSE,FALSE,FALSE,FALSE
2017-10-01,13.395781704592162,13.294201844787807,11.055340405097962,12.90854372315084,9.46148811969999,11.749845680743789,11.726705313331472,-5762,597,13.408966868396197,12.227976005917135,12.26776493248341,11.684101810659184,-0.008767164973943474,4.4,4.579456665941327,4.6141299273595635,4.649914079797483,4.470495282661489,4.755164176704678,4.719018614151276,4.380775852772229,4.888349195185717,1.0481666666666667,0.4087,0.7669,4.352772885898797,13.27044686405025,2.375498073755745,4.481298583647202,-0.08129858364720188,2.7434349252234647,1.4985871227804815,-0.7514128772195185,1.1601128772195186,0.3582,2.5349899895526384,1.0064333627339368,6.080597288236955,-0.039788926566274085,-0.3670813841120335,2.244189515820061,0.2425764729103552,0.1661235270896448,0.9175364043091634,-0.6394666666666666,0.12703333333333333,4.3889184484522,1.7969324057833802,1.581735237258544,-0.6663164436761497,0.4734922110296136,3.4149123669434123,0.024642269778691814,0,TRUE,TRUE,TRUE,FALSE,FALSE,FALSE,FALSE
2018-01-01,13.396566515798664,13.294836598143469,11.057329544425208,12.91428822537692,9.490393417263473,11.747879003043796,11.718646115192415,-2734,67,13.406704374675188,12.251781878023774,12.281486193620042,11.696695971529287,-0.004156651326281926,4.2,4.575285735757751,4.617098756853365,4.651544736501173,4.471638793363569,4.756436846300573,4.723418468624277,4.390738575275903,4.89124634834687,1.1431666666666667,0.5,1.0283,4.369613661504753,13.273003420638055,2.183317750541333,4.4014842475527445,-0.20148424755274397,2.446211451480451,1.2651117553558855,-0.9848882446441145,1.4848882446441145,0.5283,2.129072280888167,1.0048345037817086,6.062462181643458,-0.02970431559626796,1.0084610970006125,-0.3670813841120335,0.24963446794560817,0.2503655320543918,1.2352537766985063,-0.6431666666666667,-0.0037000000000000366,4.402632039181049,1.3713590728849034,0.9241631686802476,-0.6131595591364267,-0.08399809616926324,2.9457503174752597,0.22083815763781559,0,TRUE,TRUE,TRUE,FALSE,FALSE,FALSE,FALSE
2018-04-01,13.398739780947125,13.29731282686866,11.056998295851676,12.910399598889521,9.53798807237101,11.748187292474677,11.699570993244237,2210,800,13.4093872332791,12.268112735686705,12.29913484597571,11.72423932053086,0.003352690951678773,4,4.576160134252518,4.619073091157083,4.660358883431973,4.478472532942134,4.765300468749228,4.7339365975901035,4.394449154672439,4.906557652251318,1.2381666666666666,0.5,1.0461,4.370567478616236,13.275210037036501,2.2102789832158938,4.332492358206929,-0.3324923582069289,2.2630447846712087,1.8328119004300092,-0.4171880995699908,0.9171880995699908,0.5461,3.007745523727845,1.0054642048596776,5.064373281875412,-0.0310221102890047,-0.131779469273674,1.0084610970006125,0.26056510697636354,0.23943489302363646,0.6566229925936273,-0.7381666666666666,-0.09499999999999997,4.40193134977536,-0.07006894056891255,0.7737642900725776,-0.6673124972458389,0.6593559337955204,1.4648591705236913,0.26345006947683103,0,TRUE,TRUE,TRUE,FALSE,FALSE,FALSE,FALSE
2018-07-01,13.401905409438,13.30047776311902,11.060164325919448,12.919064119184934,9.569831347174397,11.749324769294846,11.692860843771214,-3316,967,13.411785934333881,12.271354640222777,12.300013706700986,11.673044015862988,-0.0050146537983431685,4.1,4.570492083326899,4.623991940228679,4.666444008792661,4.484131857611035,4.770643872944921,4.737819994131257,4.406719247264253,4.940174263050303,1.3348333333333333,0.6602,1.0134,4.354182561443884,13.277097770742724,2.337999237629492,4.274131293393287,-0.17413129339328703,2.282914616116738,2.2832042042645995,0.03320420426459947,0.6269957957354005,0.35320000000000007,3.348111862345071,1.012065797673616,6.840272688440052,-0.028659066478208928,0.2363043810795773,-0.131779469273674,0.2761291205575656,0.3840708794424344,0.35086667517783493,-0.6746333333333333,0.06353333333333333,4.387006440257547,-1.4924909517812779,-0.02833519871322333,-0.43361071588993527,0.8753368874599564,2.728500660037242,0.09418051375288325,0,TRUE,TRUE,TRUE,FALSE,FALSE,FALSE,FALSE
2018-10-01,13.403202087374101,13.301715529877756,11.061939841560255,12.930367171753433,9.598116617213263,11.7610659728014,11.697644146363904,2340,-135,13.428572263648238,12.258489558421955,12.335138457273503,11.715809164477061,0.003534102579592823,4,4.572309305361604,4.626931677769604,4.672342735026305,4.492001487882454,4.775958876859186,4.7392742285461456,4.401829261970061,4.970027226199985,1.4331666666666667,0.75,1.0003,4.353928040808984,13.278711493497507,2.300403638024807,4.226001623171465,-0.2260016231714651,2.079470015450813,2.1506205220964247,-0.09937947790357526,0.8493794779035753,0.25029999999999997,2.1053409197832273,1.0110018403409755,8.167803101426774,-0.07664889885154835,-4.7989832373339425,0.2363043810795773,0.2972368860523177,0.4527631139476823,0.5521425918512576,-0.6831666666666667,-0.008533333333333393,4.390612689122024,0.3606248864477024,-0.0799426525629999,-0.40273622829469713,-0.4866172673285707,3.515721583565379,0.013667342629695295,0,TRUE,TRUE,TRUE,FALSE,FALSE,FALSE,FALSE
2019-01-01,13.408227798929085,13.306817658324535,11.066310183497022,12.928997051077621,9.591034531092426,11.766311080195187,11.731458403726755,8771,12236,13.459665269766019,12.259148849589279,12.412924200067406,11.887463902397897,0.013180435671178862,3.8,4.563304716485033,4.631812116934513,4.67012112207405,4.492001487882454,4.774398570722692,4.738946494675818,4.395682961121367,4.906557652251318,1.4981666666666664,0.75,0.8728,4.366152555517325,13.280110689536869,2.670696878766644,4.187595085542721,-0.3875950855427218,1.7961724422119296,2.0362694518884616,-0.21373054811153835,0.9637305481115384,0.12280000000000002,0.4944385845464083,1.006763484607684,1.5311303904447904,-0.15377535047812785,-7.7126451626579495,-4.7989832373339425,0.32503882512336035,0.42496117487663965,0.638691722988178,-0.7481666666666664,-0.06499999999999972,4.401604631564198,1.099194244217383,-1.212328342094659,-0.18075609566816936,-2.217779382816687,-3.689613404735881,-0.09281045455010566,0,TRUE,TRUE,TRUE,FALSE,FALSE,FALSE,FALSE
2019-04-01,13.410357901038156,13.30922627335662,11.066106971178531,12.931532115557365,9.556904372164187,11.78591766767761,11.722805442699448,-3946,1940,13.433617434777778,12.235912961541057,12.308105631095291,11.706409488970294,-0.005917150890346766,3.9,4.56619565263796,4.638604962074329,4.680630100997952,4.502029427068578,4.784342717303083,4.751037168881457,4.406719247264253,4.998148587185388,1.5031666666666665,0.75,0.7292,4.361459064883777,13.281369220619563,2.785705273705653,4.158262167493842,-0.2582621674938418,1.90422485538555,2.355689412644413,0.10568941264441278,0.6443105873555872,-0.02080000000000004,1.227009259181422,1.0103773030325762,9.159093493406978,-0.07219266955423365,8.15826809238942,-7.7126451626579495,0.36096833637964054,0.38903166362035946,0.2833422509759467,-0.7531666666666665,-0.0050000000000001155,4.394764613305404,-0.684001825879399,-1.1542705925305508,0.23170345055104263,-1.6125196614161785,3.3388360916038473,-0.21688243053303613,0,TRUE,TRUE,TRUE,FALSE,FALSE,FALSE,FALSE
2019-07-01,13.415849076189774,13.316015500207333,11.060667446852031,12.93108422083661,9.537699784080726,11.77945795338676,11.723388963127064,-2827,1307,13.426580981296114,12.290524081999623,12.321679982736923,11.710997331855415,-0.0042159609990052895,3.9,4.577590594245652,4.641502115235482,4.684606556033038,4.506454213048934,4.788354449268877,4.75281356938766,4.423648309364701,4.998148587185388,1.4015,0.75,0.4025,4.327624565681697,13.28257764035984,3.3437859847494082,4.13711110908316,-0.23711110908316013,1.7710576323955785,2.232235543789862,-0.01776445621013778,0.7677644562101378,-0.3475,1.6929062100447645,1.022188556845822,5.797432413508474,-0.031155900737299902,4.103676881693374,8.15826809238942,0.4067244191644219,0.3432755808355781,0.36104003704571586,-0.6515,0.10166666666666657,4.363165445562915,-3.1599167742489165,-0.24467557543028368,0.2561489210348622,-1.285573329614914,-0.6533824572849123,-0.5256201315315192,0,TRUE,TRUE,TRUE,FALSE,FALSE,FALSE,FALSE
2019-10-01,13.415908727201549,13.316181923144423,11.059849746745142,12.929959969108745,9.486759252149254,11.790739003223404,11.70374415201813,-3018,-14047,13.401292756548708,12.336824553964863,12.290735433408884,11.5517518696249,-0.0045005346062479586,3.7,4.5799261235439985,4.6443908991413725,4.68637836808162,4.511957804265912,4.7902006036393825,4.757195997188449,4.401829261970061,4.9529481593708455,1.2008333333333336,0.75,0.4711,4.3745336321149395,13.283843913029905,3.2338010114517797,4.1230887365143,-0.4230887365143002,1.4241726780196196,1.9956316383458628,-0.25436836165413723,1.0043683616541372,-0.2789,0,1.0062396662480166,-1.70790668291394,0.04608912055597969,7.724502129327959,4.103676881693374,0.46424921761072313,0.28575078238927687,0.5401191440434141,-0.45083333333333364,0.20066666666666633,4.407538238565873,4.43727930029576,-0.23891786217050617,0.2834840794956593,-3.132650492605288,-8.822602190687201,-0.44055955223889515,0,TRUE,TRUE,TRUE,TRUE,FALSE,FALSE,FALSE
2020-01-01,13.388075876427113,13.29131258825785,11.006440407302659,12.901088079816802,9.463508636396089,11.770509089597976,11.671048245549887,-3349,689,13.395416466155886,12.241116378002287,12.26119509932041,11.648076794787704,-0.005135085405869546,4.1,4.576666253621896,4.641502115235482,4.686654930352913,4.520701029361642,4.790815231808701,4.758490418922928,4.394449154672439,4.950224598903805,0.9908333333333332,0.6117,0.3602,4.372317149814989,13.285296901564376,0.6015686693473798,4.1149936815477295,-0.014993681547730009,1.6416661086009476,2.8699541479188184,0.6199541479188184,-0.0082541479188184,-0.2515,-0.12338064489281209,1.0050618480085296,4.366694665248705,-0.02007872131812327,-6.616784187410296,7.724502129327959,0.5356994230895767,0.07600057691042328,-0.5439535710083951,-0.3791333333333332,0.07170000000000043,4.4046419627007625,-0.28962758651100984,-0.7894760165928154,-0.2611995314218802,-3.428199609052168,-3.44707558907999,-0.39780817476629565,0,TRUE,TRUE,TRUE,TRUE,TRUE,FALSE,FALSE
2020-04-01,13.166104626750847,13.069892547889072,10.779601914762763,12.639431740422634,9.11964950669168,11.572881628123827,11.473019717234326,-7096,-9616,13.127892066001207,12.096380539844754,11.97609957605706,11.28195133454083,-0.013584605135195155,4.1,4.551138000548948,4.629862798578463,4.686777822367851,4.593097604753822,4.792350151526785,4.756845129314147,4.380775852772229,4.9272350806791065,0.5581666666666667,0.1,0.051,4.349002284351466,13.287085680154183,-21.71931322651109,4.111360145483587,-0.01136014548358752,0.8007434223701537,9.106817768524422,6.856817768524422,-6.756817768524423,-0.04900000000000001,-2.594339449202465,1.0073059442932668,-7.0913506506281365,0.12028096378769426,14.035968510581753,-6.616784187410296,0.6234103212110375,-0.5234103212110375,-7.38022808973546,-0.4581666666666667,-0.07903333333333351,4.384507306564103,-2.0134656136659324,-3.5623789808041444,-1.6733641849053773,-6.0901436816914565,-15.635746576304795,-0.1803981315047047,1,TRUE,TRUE,TRUE,TRUE,TRUE,FALSE,FALSE
2020-07-01,13.322806410589754,13.227985658798515,10.923867992934664,12.819340230113147,9.323669057283185,11.736500922999303,11.624699370805219,-333,1253,13.333314502246436,12.10698132621919,12.138387846714442,11.632892780017208,-5.450331602757573e-4,5,4.6335629652983705,4.653007515402251,4.69055551946606,4.552823705615882,4.7960243748886695,4.759975992089743,4.379523504455763,4.928164880839073,0.5565,0.1,-0.0673,4.3496829206628895,13.289363082794448,-6.137742399593337,4.110712958571044,0.8892870414289553,0.7669925619792295,4.6369492566948445,2.3869492566948445,-2.2869492566948444,-0.1673,-4.412480490893778,1.0068604043874365,-6.998370634631534,-0.03140652049525272,-15.168748428294698,14.035968510581753,0.7297646979457283,-0.6297646979457283,-3.016713954640573,-0.4565,0.0016666666666667052,4.385731303461817,0.12239968977141302,4.466296215960179,0.40244421269273417,-8.116763441899385,-16.299145549422338,-0.2833129247358762,1,TRUE,TRUE,TRUE,TRUE,TRUE,FALSE,FALSE
2020-10-01,13.336393527542004,13.24323497188206,10.922334872735375,12.801353381823997,9.3803362790795,11.783441032500098,11.68246568739945,9008,8306,13.37278273856548,12.16213120726719,12.275393463236885,11.81886485369284,0.014544749971743659,5.3,4.583644374275892,4.675628649636653,4.691699502357668,4.546481189639412,4.797551325864846,4.760865923576811,4.39197696552705,4.861890032835905,0.5565,0.1,-0.0096,4.355714743008504,13.292146197772622,-4.891122589056199,4.111569850968345,1.188430149031655,0.735072222546318,3.4523385373499416,1.2023385373499416,-1.1023385373499415,-0.1096,-0.9852296443010999,1.008325206001323,-9.105812653494016,-0.11326225596969408,-8.185573547444136,-15.168748428294698,0.8568182078134478,-0.7568182078134478,-1.9591567451633893,-0.4565,0,4.392400145296539,0.6668841834721384,-0.7291384254208728,2.4385073774227557,-4.910355077620662,-19.173149926528588,-0.20872330790937532,1,TRUE,TRUE,TRUE,TRUE,TRUE,FALSE,FALSE
2021-01-01,13.325573572877754,13.232538882373486,10.910039375355025,12.76390970961671,9.3502762122737,11.780545126384956,11.657060440378942,5874,9037,13.34448240407235,12.135424833956426,12.194187293730943,11.778476952534016,0.009587621293855533,4.9,4.595043544172528,4.677490847567717,4.692732244658061,4.557029810660157,4.7996851477383515,4.770326239634229,4.385769620952716,4.867830644366026,0.5565,0.1,0.1843,4.387619714202798,13.29541375248616,-6.28748701126747,4.113004357234625,0.786995642765375,0.8869915929650141,3.632878129851491,1.3828781298514912,-1.282878129851491,0.08429999999999999,-0.8679533719723409,0.9995783378299414,-8.23939545377792,-0.058762459774516884,5.44997961951772,-8.185573547444136,1.0062329023978689,-0.9062329023978688,-2.2891110322493597,-0.4565,0,4.416978622306922,2.457847701038318,0.21864668932543818,2.414081733326445,-5.01608238786237,-19.057721539580985,0.0047770361031956865,1,TRUE,TRUE,TRUE,TRUE,TRUE,FALSE,FALSE
2021-04-01,13.393066621883214,13.299978878066517,10.977807148635193,12.872167180812113,9.497247143960212,11.866563803084698,11.706994416797817,-9169,-753,13.394575911157402,12.194015246366892,12.19303299764737,11.621743994799346,-0.013989012011723369,4.7,4.607349342606084,4.680277658474897,4.70708878503805,4.542230386214217,4.812994479107131,4.784999195287456,4.399375273008495,4.952041129830203,0.5565,0.1,0.3632,4.40407551177076,13.299113904816338,0.08649732501797396,4.1148327807721685,0.5851672192278321,2.0644327580345845,-5.08672185396053,-7.33672185396053,7.436721853960529,0.2632,1.8599420236266262,0.9989327524585574,2.480604915109641,9.822487195219054e-4,5.974470849403879,5.44997961951772,1.1791978219027388,-1.0791978219027387,6.257524032057791,-0.4565,0,4.432070795590434,1.509217328351209,1.2701919586665789,2.4987899366748922,-2.5000800396260403,-9.03539630467769,0.20732487649767484,1,TRUE,TRUE,TRUE,TRUE,TRUE,FALSE,FALSE
2021-07-01,13.40979241784621,13.315356127280044,11.007037630233862,12.902499442264974,9.51125944745996,11.854790278335424,11.713577978448907,622,3949,13.436287593010992,12.149661011604211,12.239202733037216,11.750295340548229,9.332361087355101e-4,4.4,4.595998134124605,4.675628649636653,4.717894522043226,4.548599834499697,4.822266266778325,4.793850549347689,4.426043520090656,4.9547597540691966,0.5581666666666667,0.1,0.3504,4.4038590632739565,13.303155515850603,1.2200611429440036,4.117363297259984,0.28263670274001684,2.62418918896552,-0.4223871116185052,-2.672387111618505,2.7723871116185053,0.25039999999999996,4.652001563489261,1.0050375038115336,2.6594873230123994,-0.08954172143300454,-9.052397015252645,5.974470849403879,1.376335610967816,-1.276335610967816,1.3960515006506893,-0.4581666666666667,-0.0016666666666667052,4.432274780704591,0.020398511415731235,-0.029349180086808008,1.8563476425566166,0.10760367503852564,-9.451224142703563,0.2235539968223399,1,TRUE,TRUE,TRUE,TRUE,TRUE,FALSE,FALSE
2021-10-01,13.423474870167771,13.327028448352731,11.039042320125954,12.904254630165857,9.529012261114708,11.861523881389282,11.739535002807612,1138,-2980,13.42865913534689,12.243488846915596,12.256998622464927,11.724741096991886,0.001684229220932986,4.2,4.604813852812976,4.6709579265260945,4.739607834502416,4.560172820057356,4.840848131618171,4.808418286385798,4.48863636973214,5.068411593361884,0.5608333333333334,0.1234,0.6708,4.402028996923668,13.307447987284696,1.9580461068035433,4.121269811889099,0.07873018811090163,4.329680575332517,1.369163041794419,-0.88083695820558106,1.004236958205581,0.5474,9.665940420508967,1.0196744212427944,20.652156052597892,-0.013509775549330527,7.603194588367401,-9.052397015252645,1.5975944155941377,-1.4741944155941378,-0.5933574573885567,-0.4374333333333334,0.020733333333333326,4.43445884215604,0.21840614514490042,0.7031397940859005,1.2263625818148116,4.982653166006301,8.10499756097025,0.5561686025776502,1,TRUE,TRUE,TRUE,TRUE,TRUE,FALSE,FALSE
2022-01-01,13.433557365698318,13.336178756284678,11.056714281144115,12.918975883674495,9.524347869595513,11.859595526567887,11.77425072832449,6619,9004,13.47963914081489,12.205737589405139,12.355995830651915,11.887848887965694,0.009697784849537087,3.8,4.6086748112235325,4.669083511731744,4.753069940860016,4.574710978503383,4.853335588790036,4.827680058114144,4.51852237926242,5.079656691777387,0.5788333333333335,0.4563,1.1899,4.410813294229779,13.31190834619649,2.4270410088187,4.127402877789755,-0.327402877789755,5.365044105168426,1.7681167843226042,-0.4818832156773958,0.9381832156773957,0.7336,13.27527583097039,1.024419325382361,21.182604741136135,-0.15025824124677634,-13.674846569744581,7.603194588367401,1.8421246720259425,-1.3858246720259426,-0.9039414563485468,-0.12253333333333355,0.31489999999999985,4.4364688249056705,0.2009982749630268,0.9562315921877572,0.8876739795570779,8.516487654246529,8.418467790664952,0.7856331780160625,0,TRUE,TRUE,TRUE,TRUE,TRUE,TRUE,TRUE
2022-04-01,13.439121125702151,13.340891493967192,11.069337840469915,12.938039016336173,9.604070223865927,11.832142541030501,11.770934103610518,5924,2317,13.462533055769642,12.29742043998945,12.369873752686749,11.832658377587144,0.008631353493556353,3.8,4.609022774691036,4.6520537718869415,4.794817620665347,4.596129441335942,4.889332106588122,4.854398673412212,4.582924577040772,5.482455842561431,0.8771666666666668,0.9583,1.778,4.384067051606717,13.316465857452034,2.4425636515157096,4.136662254459763,-0.33666225445976306,7.633762748099127,5.3899055121725326,3.1399055121725326,-2.1816055121725326,0.8197,18.354930403227687,1.0453591432551597,53.04147127312282,-0.0724533126972986,7.780492854947774,-13.674846569744581,2.108155444997663,-1.1498554449976632,-4.289760957170196,0.08113333333333328,0.20366666666666683,4.419000484782626,-1.7468340123044435,0.8744047410931587,-0.958611011240601,13.598817574569244,40.33596415445109,0.9233646020134129,0,TRUE,TRUE,TRUE,TRUE,TRUE,TRUE,TRUE
2022-07-01,13.440131782831758,13.34098632617453,11.0778873545197,12.938623214864885,9.596078849900314,11.84032091765647,11.773881045400401,-6937,-12921,13.42445266570891,12.375773225134246,12.32822832943298,11.607862848021751,-0.010097099249085556,3.7,4.609656346324878,4.6491870714048655,4.813405831286392,4.612145799724517,4.906171703961315,4.8679494557643155,4.623991940228679,5.4856541395308085,1.8608333333333331,1.6172,2.4349,4.358425301421555,13.321064954923678,1.9921371250852842,4.149743074598312,-0.4497430745983119,8.390543718298993,6.354596522481959,4.104596522481959,-2.487396522481959,0.8176999999999999,19.794842013802327,1.0609317862395178,53.08943854616119,0.0475448957012663,11.99982083985649,7.780492854947774,2.393049658823741,-0.7758496588237407,-4.880446181305699,-0.24363333333333315,-0.3247666666666664,4.396647549618554,-2.2352935164072107,0.8372239003944046,-1.3849402558557975,15.12904582516783,40.76904773113821,0.9815887327092737,0,TRUE,TRUE,TRUE,TRUE,TRUE,TRUE,TRUE
2022-10-01,13.442730912395046,13.344629744104582,11.07123714670454,12.94258578199489,9.603597936976602,11.836269039476072,11.762812207926606,-2293,-18206,13.425046863869303,12.402149167556464,12.351544343140848,11.58885819980283,-0.0033288957734782967,3.9,4.609014199581542,4.646312129319266,4.841708952806078,4.636668853047462,4.9307775147635144,4.879341249898023,4.613138355637268,5.705919684275005,2.8335,2.8056,3.5083,4.357522598051944,13.32566533850659,1.8964405597990386,4.167130056995557,-0.26713005699555703,8.99293831453436,7.649603299010632,5.399603299010632,-2.594003299010632,0.7027000000000001,12.450198590512862,1.0586607990741341,63.7508090913121,0.050604824415616534,0.3059928714350235,11.99982083985649,2.6934515781655013,0.11214842183449869,-5.287454877176134,-0.027899999999999814,0.21573333333333333,4.408958862917436,1.2311313298882354,0.6877142614297141,-1.8121270256267974,7.963326094548684,52.167689255396525,0.9350543253669699,0,TRUE,TRUE,TRUE,TRUE,TRUE,TRUE,TRUE
2023-01-01,13.443295489343809,13.34571970607983,11.067247551748258,12.936467440116786,9.596826513486544,11.837491387621338,11.792169537419836,-3299,-6068,13.445204560472979,12.32753778281135,12.333506737338526,11.718686817386676,-0.004786667556579601,4,4.603693555222733,4.6491870714048655,4.849968243580247,4.6549122778829055,4.939288204431423,4.885706814002167,4.623991940228679,5.710605528844706,3.6318333333333337,3.8555,3.3715,4.3586722824634965,13.330239158952981,1.5480547126848685,4.189026831020031,-0.18902683102003104,8.595261564138745,8.02012993795227,5.7701299379522695,-1.9146299379522693,-0.484,10.546956096625948,1.0608716692999973,63.09488370673186,-0.0059689545271766065,-5.657377894279314,0.3059928714350235,3.005520561647509,0.8499794383524911,-4.920150499599778,0.22366666666666646,0.25156666666666627,4.412253672892752,0.32948099753156157,0.08423248112201814,-1.6671783301348626,6.319124453025593,52.60137707416001,-0.17590335770811816,0,TRUE,TRUE,TRUE,TRUE,TRUE,TRUE,TRUE
2023-04-01,13.443708923193393,13.345926040878766,11.069493657105214,12.938522266672853,9.55895290182487,11.862335080209208,11.774458614926948,781,-3828,13.455921371743516,12.309193154244653,12.346551722007542,11.750721147616753,0.001132719643911233,4.2,4.606244315876883,4.653007515402251,4.8757315316314545,4.672828834461906,4.963360533739216,4.896671985465719,4.6061696863211745,5.69561916401704,4.127166666666667,4.4583,4.0166,4.387328803301534,13.33477041976855,1.1155621110215557,4.2154700697546374,-0.01547006975463755,7.402842715109426,7.669939312596341,5.419939312596341,-0.9616393125963407,-0.4417,2.3245109280402687,1.049880210221527,21.316332145560857,-0.037358567762888484,-3.1389613235711877,-5.657377894279314,3.325486060657965,1.1328139393420353,-4.287125373254305,0.3311333333333337,0.10746666666666727,4.454017351575031,4.1763678682278815,0.27997358165310005,-1.4322194029835655,-1.577629675264669,12.232363683562175,-0.05213346316397596,0,TRUE,TRUE,TRUE,TRUE,TRUE,TRUE,TRUE
2023-07-01,13.44131007790258,13.344705007265462,11.056698500183844,12.926039443294194,9.548953173096507,11.873832441214182,11.76146382130438,-180,-1369,13.451921768381428,12.291428903565793,12.325086035101782,11.749308979862713,-2.6168914527963664e-4,4.1,4.610327589822105,4.661550519424199,4.878367864238899,4.68213122712422,4.967745939967779,4.902836338694521,4.591071261608589,5.533962675279923,4.465166666666667,5.1602,4.5428,4.409143136538013,13.339252799800954,0.5452207464507386,4.246378304512902,-0.14637830451290218,6.157423600646439,6.998542739970315,4.748542739970315,0.41165726002968483,-0.6174,-3.292067862008974,1.0412615602253783,4.830853574911487,-0.03365713153598904,0.3701436226899446,-3.1389613235711877,3.650108763734036,1.5100912362659638,-3.238451503704351,0.695033333333333,0.3638999999999992,4.474052737811271,2.003538623624035,0.6392005048724836,-0.7301894541014372,-6.819283661632014,-2.5889448669632387,-0.14207519805000646,0,TRUE,TRUE,TRUE,TRUE,TRUE,TRUE,TRUE
2023-10-01,13.438090485571795,13.341492481597543,11.05382221019278,12.924385497502227,9.5253700659462,11.875761391022433,11.773526637642867,3982,-2077,13.459752336564149,12.268587244919175,12.336201380676195,11.7880996387788,0.005807814149947202,3.9,4.600426356758434,4.663439094112067,4.882632716355137,4.685828089005546,4.973392772221103,4.9039071060403385,4.599152113662528,5.462503711297779,4.572166666666667,5.25,4.0958,4.396875837524087,13.343686950161047,-0.21944685635040367,4.2816603978147425,-0.3816603978147426,4.261525745758821,4.915923595808369,2.665923595808369,2.584076404191631,-1.1542000000000003,-1.3986241974739855,1.0460045458669,-24.34159729772265,-0.06761413575702058,-3.395700422103154,0.3701436226899446,3.9768573681249846,1.2731426318750154,-1.3927809639333537,0.6778333333333331,-0.017199999999999882,4.46636150370485,-0.7691234106420808,-0.3918116486667001,-0.6985373034318321,-4.51811183602675,-29.915532214903063,-0.5902351860011454,0,TRUE,TRUE,TRUE,TRUE,TRUE,TRUE,TRUE
2024-01-01,13.446181602949277,13.349704506549122,11.05988120911615,12.927197281574308,9.530174967444372,11.877401898001038,11.788426144599958,-201,-2287,13.456439889424841,12.297443257234724,12.328352223238447,11.769356779630597,-2.907994525447122e-4,4.3,4.598246496994055,4.66814498514948,4.884734397585006,4.696837374513915,4.977734497851285,4.909846083025221,4.590056548178043,5.509320771342995,4.572166666666666,5.25,3.8462,4.413676695311426,13.348076929589343,0.16275769597790934,4.321133725739755,-0.02113372573975536,3.8446293419862165,4.192509663100985,1.942509663100985,3.307490336899015,-1.4038,-3.3935392050636004,1.039962114364648,-20.128475750171138,-0.030908966003723393,3.6705169753297184,-3.395700422103154,4.304144378102739,0.9458556218972607,-0.9966540412037244,0.677833333333334,8.881784197001252e-16,4.481565110137489,1.520360643263885,-0.6448972179119532,-0.389381898282669,-6.084663678867207,-23.74617389252568,-0.7496312536535382,0,TRUE,TRUE,TRUE,TRUE,TRUE,TRUE,TRUE
2024-04-01,13.452069921111342,13.355648924371152,11.065215475518313,12.926628259692952,9.507254695741542,11.889888212605682,11.786168798719869,3552,6158,13.475115236097382,12.30900371246586,12.378461704645282,11.857450901639037,0.005108733172247152,4.2,4.599290496705438,4.678420647727684,4.896503086051306,4.704110133842995,4.99165348759296,4.920414940992774,4.601162164590552,5.379051056925143,4.527166666666666,5.25,4.0792,4.418238016636454,13.352425425283506,0.3223499087646011,4.364377126618916,-0.16437712661891632,2.8292953853743974,3.128129938108959,0.8781299381089589,4.371870061891041,-1.1707999999999998,-0.5007521730622244,1.041402058301367,-31.656810709189642,-0.06945799217942294,-3.8549026175699552,3.6705169753297184,4.63117801208415,0.61882198791585,-0.2593079501931089,0.7228333333333339,0.04499999999999993,4.489476563236639,0.7911453099150201,-0.5719850727018468,0.4736653506148731,-2.75222301224986,-33.26052187339125,-0.4258123306520892,0,TRUE,TRUE,TRUE,TRUE,TRUE,TRUE,TRUE
2024-07-01,13.454329763625568,13.357878089373536,11.067778337323352,12.933415917717983,9.52602664083756,11.896199495704868,11.802410910367104,-1313,-722,13.467192030292711,12.31525435113363,12.352434499625174,11.787058664576179,-0.0018841850433305159,4.3,4.5893623410422215,4.683056724645162,4.8985907616921285,4.718498871295094,4.996417192226377,4.923305607376582,4.578826210648489,5.305352892850376,4.264833333333334,5.0885,3.7822,4.434639245880139,13.356736141676802,0.11419476967331876,4.4109562302046035,-0.11095623020460355,2.8671252258598123,3.6367644170874236,1.3867644170874236,3.701735582912576,-1.3062999999999998,-1.2245050960100201,1.0325137980281716,-22.860978242954744,-0.03718014849154372,3.2277843687879226,-3.8549026175699552,4.957757648249752,0.13074235175024848,-1.2560220653371752,0.8236666666666661,0.10083333333333222,4.507750830729934,1.8274267493294971,-1.594451124796919,0.7710551569398381,-3.0305734497275965,-22.43073391379799,-0.4703588271081643,0,TRUE,TRUE,TRUE,TRUE,TRUE,TRUE,TRUE
2024-10-01,13.457091236340192,13.360642998276994,11.070505873868298,12.934784826800325,9.54029139160713,11.89881352033836,11.793930294168684,2593,2675,13.477512958568557,12.329669857171119,12.389048155117049,11.83293434984642,0.0037107530267036838,4.4,4.598872687492304,4.686750172980514,4.9070189355265725,4.728272383122075,5.006867648121228,4.924437777288204,4.581901559048737,5.390237514465858,3.644833333333333,4.8555,4.0562,4.437946086873287,13.361014797889425,-0.03717996124306066,4.460333930545069,-0.060333930545068346,3.3474875900125767,4.244429411652906,1.9944294116529058,2.8610705883470944,-0.7993000000000006,-1.7250554613791103,1.032437408962954,-7.226619683192048,-0.05937829794592986,-2.219814945438614,3.2277843687879226,5.2840694285225265,-0.428569428522526,-2.4229988401754317,1.210666666666667,0.3870000000000009,4.520375957706311,1.2625126976376855,-0.6726465614611351,0.9735736215387296,-3.0837939584026275,-4.759445207422316,0.12751497957352603,0,TRUE,TRUE,TRUE,TRUE,TRUE,TRUE,TRUE
